!!SBtab TableType="rxnconReactionList" TableName="ReactionList",,,,,,,,,,,
!ID,!UID:Reaction,!ComponentA:Name,!ComponentA:Domain,!ComponentA:Residue,!Reaction,!ComponentB:Name,!ComponentB:Domain,!ComponentB:Residue,!Quality,!Literature:Identifiers:pubmed,!Comment
1,Gpa1_[Ste4]_ppi-_Ste4_[Gpa1],Gpa1,Ste4,,ppi-,Ste4,Gpa1,,,,
2,Dig1_[Ste12]_ppi-_Ste12_[Dig1],Dig1,Ste12,,ppi-,Ste12,Dig1,,,,
3,Ste12_[Ste12]_ppi-_Ste12_[Ste12],Ste12,Ste12,,ppi-,Ste12,Ste12,,,,
4,Dig2_[Ste12]_ppi-_Ste12_[Dig2],Dig2,Ste12,,ppi-,Ste12,Dig2,,,,
5,Cdc28_[Far1]_ppi-_Far1_[Cdc28],Cdc28,Far1,,ppi-,Far1,Cdc28,,,,
6,Ste5_[Ste7]_ppi-_Ste7_[Ste5],Ste5,Ste7,,ppi-,Ste7,Ste5,,,,
7,Fus3_[Ste5]_ppi-_Ste5_[Fus3],Fus3,Ste5,,ppi-,Ste5,Fus3,,,,
8,Ste11_[Ste5]_ppi-_Ste5_[Ste11],Ste11,Ste5,,ppi-,Ste5,Ste11,,,,
9,Ste5_[Ste5]_ppi-_Ste5_[Ste5],Ste5,Ste5,,ppi-,Ste5,Ste5,,,,
10,Kss1_[Ste5]_ppi-_Ste5_[Kss1],Kss1,Ste5,,ppi-,Ste5,Kss1,,,,
11,Cdc24_[Rsr1]_ppi-_Rsr1_[Cdc24],Cdc24,Rsr1,,ppi-,Rsr1,Cdc24,,,,
12,Ste12_[Tec1]_ppi-_Tec1_[Ste12],Ste12,Tec1,,ppi-,Tec1,Ste12,,,,
13,Ste12_[Tec1]_ppi+_Tec1_[Ste12],Ste12,Tec1,,ppi+,Tec1,Ste12,,,,
14,Cyc8_[Sfl1]_ppi-_Sfl1_[Cyc8],Cyc8,Sfl1,,ppi-,Sfl1,Cyc8,,,,
15,Sfl1_[Sfl1]_ppi-_Sfl1_[Sfl1],Sfl1,Sfl1,,ppi-,Sfl1,Sfl1,,,,
16,Mfa12_[Ste3]_ppi-_Ste3_[Mfa12],Mfa12,Ste3,,ppi-,Ste3,Mfa12,,,,
17,Asg7_[Ste3]_ppi-_Ste3_[Asg7],Asg7,Ste3,,ppi-,Ste3,Asg7,,,,
18,Ste2_[Ste2]_ppi-_Ste2_[Ste2],Ste2,Ste2,,ppi-,Ste2,Ste2,,,,
19,Sst2_[Ste2]_ppi-_Ste2_[Sst2],Sst2,Ste2,,ppi-,Ste2,Sst2,,,,
20,MfAlpha12_[Ste2]_ppi-_Ste2_[MfAlpha12],MfAlpha12,Ste2,,ppi-,Ste2,MfAlpha12,,,,
21,Bcy1_[Tpk2]_ppi-_Tpk2_[Bcy1],Bcy1,Tpk2,,ppi-,Tpk2,Bcy1,,,,
22,Bcy1_[Tpk3]_ppi-_Tpk3_[Bcy1],Bcy1,Tpk3,,ppi-,Tpk3,Bcy1,,,,
23,Bcy1_[Tpk1]_ppi-_Tpk1_[Bcy1],Bcy1,Tpk1,,ppi-,Tpk1,Bcy1,,,,
24,Ste2_[Ste2]_ppi+_Ste2_[Ste2],Ste2,Ste2,,ppi+,Ste2,Ste2,,,,
25,MfAlpha12_[Ste2]_ppi+_Ste2_[MfAlpha12],MfAlpha12,Ste2,,ppi+,Ste2,MfAlpha12,,,,
26,Mfa12_[Ste3]_ppi+_Ste3_[Mfa12],Mfa12,Ste3,,ppi+,Ste3,Mfa12,,,,
27,Gpa1_[Ste4]_ppi+_Ste4_[Gpa1],Gpa1,Ste4,,ppi+,Ste4,Gpa1,,,,
28,Ste5_[Ste7]_ppi+_Ste7_[Ste5],Ste5,Ste7,,ppi+,Ste7,Ste5,,,,
29,Fus3_[Ste5]_ppi+_Ste5_[Fus3],Fus3,Ste5,,ppi+,Ste5,Fus3,,,,
30,Ste11_[Ste5]_ppi+_Ste5_[Ste11],Ste11,Ste5,,ppi+,Ste5,Ste11,,,,
31,Dig1_[Ste12]_ppi+_Ste12_[Dig1],Dig1,Ste12,,ppi+,Ste12,Dig1,,,,
32,Ste12_[Ste12]_ppi+_Ste12_[Ste12],Ste12,Ste12,,ppi+,Ste12,Ste12,,,,
33,Dig2_[Ste12]_ppi+_Ste12_[Dig2],Dig2,Ste12,,ppi+,Ste12,Dig2,,,,
34,Mpt5_[Sst2]_ppi+_Sst2_[Mpt5],Mpt5,Sst2,,ppi+,Sst2,Mpt5,,,,
35,Cdc28_[Far1]_ppi+_Far1_[Cdc28],Cdc28,Far1,,ppi+,Far1,Cdc28,,,,
36,Cdc24_[Far1]_ppi+_Far1_[Cdc24],Cdc24,Far1,,ppi+,Far1,Cdc24,,,,
37,Cdc4_[Skp1]_ppi+_Skp1_[Cdc4],Cdc4,Skp1,,ppi+,Skp1,Cdc4,,,,
38,Bem1_[Cdc42]_ppi+_Cdc42_[Bem1],Bem1,Cdc42,,ppi+,Cdc42,Bem1,,,,
39,Far1_[Ste4]_ppi+_Ste4_[Far1],Far1,Ste4,,ppi+,Ste4,Far1,,,,
40,Bem1_[Cdc24]_ppi+_Cdc24_[Bem1],Bem1,Cdc24,,ppi+,Cdc24,Bem1,,,,
41,Cdc42_[Ste20]_ppi+_Ste20_[Cdc42],Cdc42,Ste20,,ppi+,Ste20,Cdc42,,,,
42,Ste11_[Ste11]_ppi+_Ste11_[Ste11],Ste11,Ste11,,ppi+,Ste11,Ste11,,,,
43,Ste11_[Ste50]_ppi+_Ste50_[Ste11],Ste11,Ste50,,ppi+,Ste50,Ste11,,,,
44,Ste5_[Ste5]_ppi+_Ste5_[Ste5],Ste5,Ste5,,ppi+,Ste5,Ste5,,,,
45,Kss1_[Ste5]_ppi+_Ste5_[Kss1],Kss1,Ste5,,ppi+,Ste5,Kss1,,,,
46,Cdc24_[Rsr1]_ppi+_Rsr1_[Cdc24],Cdc24,Rsr1,,ppi+,Rsr1,Cdc24,,,,
47,Mcm1_[Ste12]_ppi+_Ste12_[Mcm1],Mcm1,Ste12,,ppi+,Ste12,Mcm1,,,,
48,Cyc8_[Sfl1]_ppi+_Sfl1_[Cyc8],Cyc8,Sfl1,,ppi+,Sfl1,Cyc8,,,,
49,Sfl1_[Sfl1]_ppi+_Sfl1_[Sfl1],Sfl1,Sfl1,,ppi+,Sfl1,Sfl1,,,,
50,Sst2_[Ste2]_ppi+_Ste2_[Sst2],Sst2,Ste2,,ppi+,Ste2,Sst2,,,,
51,Cdc28_[Cln2]_ppi+_Cln2_[Cdc28],Cdc28,Cln2,,ppi+,Cln2,Cdc28,,,,
52,Dia2_[Skp1]_ppi+_Skp1_[Dia2],Dia2,Skp1,,ppi+,Skp1,Dia2,,,,
53,Asg7_[Ste3]_ppi+_Ste3_[Asg7],Asg7,Ste3,,ppi+,Ste3,Asg7,,,,
54,Cdc28_[Cln1]_ppi+_Cln1_[Cdc28],Cdc28,Cln1,,ppi+,Cln1,Cdc28,,,,
55,Cdc42_[Rsr1]_ppi+_Rsr1_[Cdc42],Cdc42,Rsr1,,ppi+,Rsr1,Cdc42,,,,
56,Matalpha1_[Mcm1]_ppi+_Mcm1_[Matalpha1],Matalpha1,Mcm1,,ppi+,Mcm1,Matalpha1,,,,
57,Matalpha2_[Mcm1]_ppi+_Mcm1_[Matalpha2],Matalpha2,Mcm1,,ppi+,Mcm1,Matalpha2,,,,
58,Bcy1_[Tpk2]_ppi+_Tpk2_[Bcy1],Bcy1,Tpk2,,ppi+,Tpk2,Bcy1,,,,
59,Bcy1_[Tpk3]_ppi+_Tpk3_[Bcy1],Bcy1,Tpk3,,ppi+,Tpk3,Bcy1,,,,
60,Bcy1_[Tpk1]_ppi+_Tpk1_[Bcy1],Bcy1,Tpk1,,ppi+,Tpk1,Bcy1,,,,
61,Tpk2_P+_Flo8_[(rs1)],Tpk2,,,P+,Flo8,,rs1,,,
62,Fus3_P+_Far1_[(T306)],Fus3,,,P+,Far1,,T306,,,
63,Cdc28_P+_Far1_[(S87)],Cdc28,,,P+,Far1,,S87,,,
64,Cdc34_Ub+_Far1_[(rs5)],Cdc34,,,Ub+,Far1,,rs5,,,
65,Fus3_P+_Ste4_[(T320)],Fus3,,,P+,Ste4,,T320,,,
66,Fus3_P+_Ste4_[(S335)],Fus3,,,P+,Ste4,,S335,,,
67,Fus3_P+_Ste4_[(T322)],Fus3,,,P+,Ste4,,T322,,,
68,Ste20_P+_Ste11_[(S285)],Ste20,,,P+,Ste11,,S285,,,
69,Ste20_P+_Ste11_[(T286)],Ste20,,,P+,Ste11,,T286,,,
70,Ste20_P+_Ste11_[(S281)],Ste20,,,P+,Ste11,,S281,,,
71,Ste11_P+_Ste7_[(S363)],Ste11,,,P+,Ste7,,S363,,,
72,Ste11_P+_Ste7_[(S359)],Ste11,,,P+,Ste7,,S359,,,
73,Ste7_P+_Fus3_[(Y182)],Ste7,,,P+,Fus3,,Y182,,,
74,Ste7_P+_Fus3_[(T180)],Ste7,,,P+,Fus3,,T180,,,
75,Ste11_P+_Ste7_[(S363)],Ste11,,,P+,Ste7,,S363,,,
76,Ste11_P+_Ste7_[(S359)],Ste11,,,P+,Ste7,,S359,,,
77,Ste7_P+_Kss1_[(Y185)],Ste7,,,P+,Kss1,,Y185,,,
78,Ste7_P+_Kss1_[(T183)],Ste7,,,P+,Kss1,,T183,,,
79,Kss1_P+_Dig1_[(rs1)],Kss1,,,P+,Dig1,,rs1,,,
80,Kss1_P+_Ste12_[(rs1)],Kss1,,,P+,Ste12,,rs1,,,
81,Tpk2_P+_Sfl1_[(rs1)],Tpk2,,,P+,Sfl1,,rs1,,,
82,Fus3_P+_Tec1_[(T273)],Fus3,,,P+,Tec1,,T273,,,
83,Fus3_P+_Ste3_[(rs1)],Fus3,,,P+,Ste3,,rs1,,,
84,Rad6_Ub+_Sst2_[(rs1)],Rad6,,,Ub+,Sst2,,rs1,,,
85,Fus3_P+_Sst2_[(S539)],Fus3,,,P+,Sst2,,S539,,,
86,Cdc34_Ub+_Ste7_[(rs3)],Cdc34,,,Ub+,Ste7,,rs3,,,
87,Cdc42_[GDP]_i-_GDP_[Cdc42],Cdc42,GDP,,i-,GDP,Cdc42,,,,
88,Cdc42_[GTP]_i+_GTP_[Cdc42],Cdc42,GTP,,i+,GTP,Cdc42,,,,
89,Cdc28_P+_Far1_[(S87)],Cdc28,,,P+,Far1,,S87,,,
90,Cla4_P+_Cdc24_[(rs1)],Cla4,,,P+,Cdc24,,rs1,,,
91,UnknownComponent_TRSL_Msg5,UnknownComponent,,,TRSL,Msg5,,,,,
92,UnknownComponent_TRSL_Tec1,UnknownComponent,,,TRSL,Tec1,,,,,
93,UnknownComponent_TRSL_Sst2,UnknownComponent,,,TRSL,Sst2,,,,,
94,UnknownComponent_TRSL_Ste3,UnknownComponent,,,TRSL,Ste3,,,,,
95,UnknownComponent_TRSL_Ste2,UnknownComponent,,,TRSL,Ste2,,,,,
96,UnknownComponent_TRSL_Bar1,UnknownComponent,,,TRSL,Bar1,,,,,
97,UnknownComponent_TRSL_Fus3,UnknownComponent,,,TRSL,Fus3,,,,,
98,UnknownComponent_TRSL_Far1,UnknownComponent,,,TRSL,Far1,,,,,
99,UnknownComponent_TRSL_Gpa1,UnknownComponent,,,TRSL,Gpa1,,,,,
100,Ptp3_P-_Kss1_[(Y185)],Ptp3,,,P-,Kss1,,Y185,,,
101,Ptp3_P-_Kss1_[(T183)],Ptp3,,,P-,Kss1,,T183,,,
102,UnknownComponent_TRSL_Ste6,UnknownComponent,,,TRSL,Ste6,,,,,
103,Ste20_AP+_Ste20_[(rs1)],Ste20,,,AP+,Ste20,,rs1,,,
104,Cdc28_P+_Ste20_[(rs1)],Cdc28,,,P+,Ste20,,rs1,,,
105,Cdc28_P+_Ste20_[(rs1)],Cdc28,,,P+,Ste20,,rs1,,,
106,Ptp3_P-_Fus3_[(Y182)],Ptp3,,,P-,Fus3,,Y182,,,
107,Ptp3_P-_Fus3_[(T180)],Ptp3,,,P-,Fus3,,T180,,,
108,Msg5_P-_Fus3_[(Y182)],Msg5,,,P-,Fus3,,Y182,,,
109,Msg5_P-_Fus3_[(T180)],Msg5,,,P-,Fus3,,T180,,,
110,Fus3_P+_Dig2_[(rs1)],Fus3,,,P+,Dig2,,rs1,,,
111,Fus3_P+_Dig1_[(rs1)],Fus3,,,P+,Dig1,,rs1,,,
112,Fus3_P+_Ste12_[(rs1)],Fus3,,,P+,Ste12,,rs1,,,
113,Kss1_P+_Dig2_[(rs1)],Kss1,,,P+,Dig2,,rs1,,,
114,Cdc34_Ub+_Tec1_[(rs2)],Cdc34,,,Ub+,Tec1,,rs2,,,
115,Cdc34_Ub+_Tec1_[(rs2)],Cdc34,,,Ub+,Tec1,,rs2,,,
116,Yck1_P+_Ste3_[(rs2)],Yck1,,,P+,Ste3,,rs2,,,
117,Yck2_P+_Ste3_[(rs2)],Yck2,,,P+,Ste3,,rs2,,,
118,Ubc4_Ub+_Ste3_[(rs3)],Ubc4,,,Ub+,Ste3,,rs3,,,
119,Ubc5_Ub+_Ste3_[(rs3)],Ubc5,,,Ub+,Ste3,,rs3,,,
120,Yck1_P+_Ste2_[(S338)],Yck1,,,P+,Ste2,,S338,,,
121,Yck1_P+_Ste2_[(S339)],Yck1,,,P+,Ste2,,S339,,,
122,Yck1_P+_Ste2_[(S331)],Yck1,,,P+,Ste2,,S331,,,
123,Yck2_P+_Ste2_[(S338)],Yck2,,,P+,Ste2,,S338,,,
124,Yck2_P+_Ste2_[(S339)],Yck2,,,P+,Ste2,,S339,,,
125,Yck2_P+_Ste2_[(S331)],Yck2,,,P+,Ste2,,S331,,,
126,Ubc1_Ub+_Ste2_[(K337)],Ubc1,,,Ub+,Ste2,,K337,,,
127,Ubc5_Ub+_Ste2_[(K337)],Ubc5,,,Ub+,Ste2,,K337,,,
128,Ubc4_Ub+_Ste2_[(K337)],Ubc4,,,Ub+,Ste2,,K337,,,
129,Ptp2_P-_Fus3_[(Y182)],Ptp2,,,P-,Fus3,,Y182,,,
130,Ptp2_P-_Fus3_[(T180)],Ptp2,,,P-,Fus3,,T180,,,
131,Cdc42_[GTP]_i-_GTP_[Cdc42],Cdc42,GTP,,i-,GTP,Cdc42,,,,
132,Cdc42_[GDP]_i+_GDP_[Cdc42],Cdc42,GDP,,i+,GDP,Cdc42,,,,
133,Tpk2_P+_Bcy1_[(S145)],Tpk2,,,P+,Bcy1,,S145,,,
134,Tpk3_P+_Bcy1_[(S145)],Tpk3,,,P+,Bcy1,,S145,,,
135,Tpk1_P+_Bcy1_[(S145)],Tpk1,,,P+,Bcy1,,S145,,,
136,Flo8_TRSC_Flo11Gene,Flo8,,,TRSC,Flo11Gene,,,,,
137,Ste12_TRSC_Flo11Gene,Ste12,,,TRSC,Flo11Gene,,,,,
138,Mcm1_TRSC_Ste2Gene,Mcm1,,,TRSC,Ste2Gene,,,,,
139,Mcm1_TRSC_Ste6Gene,Mcm1,,,TRSC,Ste6Gene,,,,,
140,Mcm1_TRSC_Mfa1Gene,Mcm1,,,TRSC,Mfa1Gene,,,,,
141,Ste12_TRSC_Bar1Gene,Ste12,,,TRSC,Bar1Gene,,,,,
142,Mcm1_TRSC_Bar1Gene,Mcm1,,,TRSC,Bar1Gene,,,,,
143,Ste18_[Ste4]_ppi-_Ste4_[Ste18],Ste18,Ste4,,ppi-,Ste4,Ste18,,,,
144,Ste18_[Ste4]_ppi+_Ste4_[Ste18],Ste18,Ste4,,ppi+,Ste4,Ste18,,,,
145,Bem1_[Cdc42]_ppi-_Cdc42_[Bem1],Bem1,Cdc42,,ppi-,Cdc42,Bem1,,,,
146,Mpt5_[Sst2]_ppi-_Sst2_[Mpt5],Mpt5,Sst2,,ppi-,Sst2,Mpt5,,,,
147,Cdc42_[Rsr1]_ppi-_Rsr1_[Cdc42],Cdc42,Rsr1,,ppi-,Rsr1,Cdc42,,,,
148,Cdc28_[Cln1]_ppi-_Cln1_[Cdc28],Cdc28,Cln1,,ppi-,Cln1,Cdc28,,,,
149,Cdc28_[Cln2]_ppi-_Cln2_[Cdc28],Cdc28,Cln2,,ppi-,Cln2,Cdc28,,,,
150,GTP_[Gpa1]_i+_Gpa1_[GTP],GTP,Gpa1,,i+,Gpa1,GTP,,,,
151,GDP_[Gpa1]_i+_Gpa1_[GDP],GDP,Gpa1,,i+,Gpa1,GDP,,,,
152,GTP_[Rsr1]_i+_Rsr1_[GTP],GTP,Rsr1,,i+,Rsr1,GTP,,,,
153,Cyc8_[Tup1]_ppi+_Tup1_[Cyc8],Cyc8,Tup1,,ppi+,Tup1,Cyc8,,,,
154,GDP_[Rsr1]_i+_Rsr1_[GDP],GDP,Rsr1,,i+,Rsr1,GDP,,,,
155,Gpa1_[GDP]_i-_GDP_[Gpa1],Gpa1,GDP,,i-,GDP,Gpa1,,,,
156,Gpa1_[GTP]_i+_GTP_[Gpa1],Gpa1,GTP,,i+,GTP,Gpa1,,,,
157,Gpa1_[GTP]_i-_GTP_[Gpa1],Gpa1,GTP,,i-,GTP,Gpa1,,,,
158,Gpa1_[GDP]_i+_GDP_[Gpa1],Gpa1,GDP,,i+,GDP,Gpa1,,,,
159,Rsr1_[GTP]_i+_GTP_[Rsr1],Rsr1,GTP,,i+,GTP,Rsr1,,,,
160,Rsr1_[GTP]_i-_GTP_[Rsr1],Rsr1,GTP,,i-,GTP,Rsr1,,,,
161,Rsr1_[GDP]_i+_GDP_[Rsr1],Rsr1,GDP,,i+,GDP,Rsr1,,,,
162,Rsr1_[GDP]_i-_GDP_[Rsr1],Rsr1,GDP,,i-,GDP,Rsr1,,,,
163,UnknownModifier_palm+_Ste18_[rs2],UnknownModifier,,,palm+,Ste18,rs2,,,,
164,UnknownModifier_pre+_Ste18_[rs1],UnknownModifier,,,pre+,Ste18,rs1,,,,
165,UnknownModifier_pre+_Rsr1_[rs1],UnknownModifier,,,pre+,Rsr1,rs1,,,,



!!SBtab TableType="contingencies" TableName="ContingencyList"
!ID,!Target,!Contingency,!Modifier
1,<AFactorSte3>,AND,Mfa12@1--Ste3@2,,,
2,<AFactorSte3Asg7>,AND,<AFactorSte3>#Mfa12@1=Mfa12@1#Ste3@2=Ste3@2,,,
3,<AFactorSte3Asg7>,AND,Asg7@3--Ste3@2,,,
4,<AFactorSte3Asg7_re154_0>,2AND,Ste3@2_[(rs2)]-{0}
5,<AFactorSte3Asg7_re154_0>,2AND,Ste3@2_[(rs3)]-{0}
6,<AFactorSte3Asg7_re154_0>,AND,<AFactorSte3Asg7>#Mfa12@1=Mfa12@1#Ste3@2=Ste3@2#Asg7@3=Asg7@2
7,<AFactorSte3Asg7_re154_1>,2AND,Ste3@2_[(rs2)]-{0}
8,<AFactorSte3Asg7_re154_1>,2AND,Ste3@2_[(rs3)]-{0}
9,<AFactorSte3Asg7_re154_1>,AND,<AFactorSte3Asg7>#Mfa12@1=Mfa12@1#Ste3@2=Ste3@2#Asg7@3=Asg7@2
10,<AFactorSte3Asg7_re155_0>,2AND,Ste3@2_[(rs2)]-{P}
11,<AFactorSte3Asg7_re155_0>,2AND,Ste3@2_[(rs3)]-{0}
12,<AFactorSte3Asg7_re155_0>,AND,<AFactorSte3Asg7>#Mfa12@1=Mfa12@1#Ste3@2=Ste3@2#Asg7@3=Asg7@2
13,<AFactorSte3Asg7_re155_1>,2AND,Ste3@2_[(rs2)]-{P}
14,<AFactorSte3Asg7_re155_1>,2AND,Ste3@2_[(rs3)]-{0}
15,<AFactorSte3Asg7_re155_1>,AND,<AFactorSte3Asg7>#Mfa12@1=Mfa12@1#Ste3@2=Ste3@2#Asg7@3=Asg7@2
16,<AFactorSte3Asg7_re156>,2AND,Ste3@2_[(rs2)]-{P}
17,<AFactorSte3Asg7_re156>,2AND,Ste3@2_[(rs3)]-{Ub}
18,<AFactorSte3Asg7_re156>,AND,<AFactorSte3Asg7>#Mfa12@1=Mfa12@1#Ste3@2=Ste3@2#Asg7@3=Asg7@2
19,<AFactorSte3_re148>,2AND,Ste3@2_[(rs2)]-{0}
20,<AFactorSte3_re148>,2AND,Ste3@2_[(rs3)]-{0}
21,<AFactorSte3_re148>,AND,<AFactorSte3>#Mfa12@1=Mfa12@1#Ste3@2=Ste3@2
22,<AFactorSte3_re204>,2AND,Ste3@2_[(rs2)]-{0}
23,<AFactorSte3_re204>,2AND,Ste3@2_[(rs3)]-{0}
24,<AFactorSte3_re204>,AND,<AFactorSte3>#Mfa12@1=Mfa12@1#Ste3@2=Ste3@2
25,<AlphaFactorSte2>,AND,<Ste2-Dimer>#Ste2@2=Ste2@1#Ste2@3=Ste2@2,,,
26,<AlphaFactorSte2>,AND,MfAlpha12@1--Ste2@2,,,
27,<AlphaFactorSte2Sst2>,AND,<AlphaFactorSte2>#MfAlpha12@1=MfAlpha12@1#Ste2@2=Ste2@2,,,
28,<AlphaFactorSte2Sst2>,AND,Sst2@4--Ste2@2,,,
29,<AlphaFactorSte2Sst2_re161_0>,AND,<AlphaFactorSte2Sst2>#MfAlpha12@1=MfAlpha12@1#Ste2@2=Ste2@2#Sst2@4=Sst2@2
30,<AlphaFactorSte2Sst2_re161_0>,AND,Ste2@2_[(K337)]-{0}
31,<AlphaFactorSte2Sst2_re161_0>,AND,Ste2@2_[(S331)]-{0}
32,<AlphaFactorSte2Sst2_re161_0>,AND,Ste2@2_[(S338)]-{0}
33,<AlphaFactorSte2Sst2_re161_0>,AND,Ste2@2_[(S339)]-{0}
34,<AlphaFactorSte2Sst2_re161_0>,AND,Ste2@3_[(K337)]-{0}
35,<AlphaFactorSte2Sst2_re161_0>,AND,Ste2@3_[(S331)]-{0}
36,<AlphaFactorSte2Sst2_re161_0>,AND,Ste2@3_[(S338)]-{0}
37,<AlphaFactorSte2Sst2_re161_0>,AND,Ste2@3_[(S339)]-{0}
38,<AlphaFactorSte2Sst2_re161_1>,AND,<AlphaFactorSte2Sst2>#MfAlpha12@1=MfAlpha12@1#Ste2@2=Ste2@2#Sst2@4=Sst2@2
39,<AlphaFactorSte2Sst2_re161_1>,AND,Ste2@2_[(K337)]-{0}
40,<AlphaFactorSte2Sst2_re161_1>,AND,Ste2@2_[(S331)]-{0}
41,<AlphaFactorSte2Sst2_re161_1>,AND,Ste2@2_[(S338)]-{0}
42,<AlphaFactorSte2Sst2_re161_1>,AND,Ste2@2_[(S339)]-{0}
43,<AlphaFactorSte2Sst2_re161_1>,AND,Ste2@3_[(K337)]-{0}
44,<AlphaFactorSte2Sst2_re161_1>,AND,Ste2@3_[(S331)]-{0}
45,<AlphaFactorSte2Sst2_re161_1>,AND,Ste2@3_[(S338)]-{0}
46,<AlphaFactorSte2Sst2_re161_1>,AND,Ste2@3_[(S339)]-{0}
47,<AlphaFactorSte2Sst2_re162_0>,2AND,Ste2@3_[(K337)]-{0}
48,<AlphaFactorSte2Sst2_re162_0>,2AND,Ste2@3_[(S331)]-{P}
49,<AlphaFactorSte2Sst2_re162_0>,2AND,Ste2@3_[(S338)]-{P}
50,<AlphaFactorSte2Sst2_re162_0>,AND,<AlphaFactorSte2Sst2>#MfAlpha12@1=MfAlpha12@1#Ste2@2=Ste2@2#Sst2@4=Sst2@2
51,<AlphaFactorSte2Sst2_re162_0>,AND,Ste2@2_[(S339)]-{P}
52,<AlphaFactorSte2Sst2_re162_0>,AND,Ste2@3_[(S339)]-{P}
53,<AlphaFactorSte2Sst2_re162_1>,2AND,Ste2@3_[(K337)]-{0}
54,<AlphaFactorSte2Sst2_re162_1>,2AND,Ste2@3_[(S331)]-{P}
55,<AlphaFactorSte2Sst2_re162_1>,2AND,Ste2@3_[(S338)]-{P}
56,<AlphaFactorSte2Sst2_re162_1>,AND,<AlphaFactorSte2Sst2>#MfAlpha12@1=MfAlpha12@1#Ste2@2=Ste2@2#Sst2@4=Sst2@2
57,<AlphaFactorSte2Sst2_re162_1>,AND,Ste2@2_[(S339)]-{P}
58,<AlphaFactorSte2Sst2_re162_1>,AND,Ste2@3_[(S339)]-{P}
59,<AlphaFactorSte2Sst2_re162_2>,2AND,Ste2@3_[(K337)]-{0}
60,<AlphaFactorSte2Sst2_re162_2>,2AND,Ste2@3_[(S331)]-{P}
61,<AlphaFactorSte2Sst2_re162_2>,2AND,Ste2@3_[(S338)]-{P}
62,<AlphaFactorSte2Sst2_re162_2>,AND,<AlphaFactorSte2Sst2>#MfAlpha12@1=MfAlpha12@1#Ste2@2=Ste2@2#Sst2@4=Sst2@2
63,<AlphaFactorSte2Sst2_re162_2>,AND,Ste2@2_[(S339)]-{P}
64,<AlphaFactorSte2Sst2_re162_2>,AND,Ste2@3_[(S339)]-{P}
65,<AlphaFactorSte2Sst2_re163>,2AND,Ste2@3_[(K337)]-{Ub}
66,<AlphaFactorSte2Sst2_re163>,2AND,Ste2@3_[(S331)]-{P}
67,<AlphaFactorSte2Sst2_re163>,2AND,Ste2@3_[(S338)]-{P}
68,<AlphaFactorSte2Sst2_re163>,AND,<AlphaFactorSte2Sst2>#MfAlpha12@1=MfAlpha12@1#Ste2@2=Ste2@2#Sst2@4=Sst2@2
69,<AlphaFactorSte2Sst2_re163>,AND,Ste2@2_[(S339)]-{P}
70,<AlphaFactorSte2Sst2_re163>,AND,Ste2@3_[(S339)]-{P}
71,<AlphaFactorSte2_re160>,2AND,Ste2@3_[(K337)]-{0}
72,<AlphaFactorSte2_re160>,2AND,Ste2@3_[(S331)]-{0}
73,<AlphaFactorSte2_re160>,2AND,Ste2@3_[(S338)]-{0}
74,<AlphaFactorSte2_re160>,2AND,Ste2@3_[(S339)]-{0}
75,<AlphaFactorSte2_re160>,AND,<AlphaFactorSte2>#MfAlpha12@1=MfAlpha12@1#Ste2@2=Ste2@2
76,<Asg7_re204>,AND,Asg7@1
77,<Asg7ppiminusSte3>,AND,<AFactorSte3Asg7_re156>#Mfa12@1=Mfa12@1#Ste3@2=Ste3@2#Asg7@3=Asg7@2
78,<Asg7ppiminusSte3>,AND,<Asg7ppiminusSte3_re156>#Mfa12@1=Mfa12@1#Ste3@2=Ste3@2#Asg7@3=Asg7@2
79,<Asg7ppiminusSte3_re156>,AND,<AFactorSte3Asg7_re156>#Mfa12@1=Mfa12@1#Ste3@2=Ste3@2#Asg7@3=Asg7@2
80,<Asg7ppiplusSte3>,AND,<Asg7ppiplusSte3_re204>#Asg7@1=Asg7@1#Mfa12@1=Mfa12@1#Ste3@2=Ste3@2
81,<Asg7ppiplusSte3_re204>,AND,<AFactorSte3_re204>#Mfa12@1=Mfa12@1#Ste3@2=Ste3@2
82,<Asg7ppiplusSte3_re204>,AND,<Asg7_re204>#Asg7@1=Asg7@1#Mfa12@1=Mfa12@1#Ste3@2=Ste3@2
83,<Bcy1Tpk1>,AND,Bcy1@1--Tpk1@2,,,
84,<Bcy1Tpk1_re234>,2AND,Bcy1@1_[(S145)]-{0}
85,<Bcy1Tpk1_re234>,AND,<Bcy1Tpk1>#Bcy1@1=Bcy1@1#Tpk1@2=Tpk1@2
86,<Bcy1Tpk1_re236>,2AND,Bcy1@1_[(S145)]-{0}
87,<Bcy1Tpk1_re236>,AND,<Bcy1Tpk1>#Bcy1@1=Bcy1@1#Tpk3@2=Tpk3@2
88,<Bcy1Tpk2>,AND,Bcy1@1--Tpk2@2,,,
89,<Bcy1Tpk2_re233>,2AND,Bcy1@1_[(S145)]-{0}
90,<Bcy1Tpk2_re233>,AND,<Bcy1Tpk2>#Bcy1@1=Bcy1@1#Tpk2@2=Tpk2@2
91,<Bcy1_re237>,2AND,Bcy1@1_[(S145)]-{0}
92,<Bcy1_re237>,AND,Bcy1@1
93,<Bcy1_re238>,2AND,Bcy1@1_[(S145)]-{0}
94,<Bcy1_re238>,AND,Bcy1@1
95,<Bcy1_re239>,2AND,Bcy1@1_[(S145)]-{0}
96,<Bcy1_re239>,AND,Bcy1@1
97,<Bcy1_re240>,2AND,Bcy1@1_[(S145)]-{P}
98,<Bcy1ppiminusTpk1>,AND,<Bcy1Tpk1_re234>#Bcy1@1=Bcy1@1#Tpk1@2=Tpk1@2
99,<Bcy1ppiminusTpk1>,AND,<Bcy1Tpk1_re236>#Bcy1@1=Bcy1@1#Tpk3@2=Tpk3@2
100,<Bcy1ppiminusTpk1>,AND,<Bcy1ppiminusTpk1_re234>#Bcy1@1=Bcy1@1#Tpk1@2=Tpk1@2
101,<Bcy1ppiminusTpk1>,AND,<Bcy1ppiminusTpk1_re236>#Bcy1@1=Bcy1@1#Tpk3@2=Tpk3@2
102,<Bcy1ppiminusTpk1_re234>,AND,<Bcy1Tpk1_re234>#Bcy1@1=Bcy1@1#Tpk1@2=Tpk1@2
103,<Bcy1ppiminusTpk1_re236>,AND,<Bcy1Tpk1_re236>#Bcy1@1=Bcy1@1#Tpk3@2=Tpk3@2
104,<Bcy1ppiminusTpk2>,AND,<Bcy1Tpk2_re233>#Bcy1@1=Bcy1@1#Tpk2@2=Tpk2@2
105,<Bcy1ppiminusTpk2>,AND,<Bcy1ppiminusTpk2_re233>#Bcy1@1=Bcy1@1#Tpk2@2=Tpk2@2
106,<Bcy1ppiminusTpk2_re233>,AND,<Bcy1Tpk2_re233>#Bcy1@1=Bcy1@1#Tpk2@2=Tpk2@2
107,<Bcy1ppiminusTpk3>,AND,<Bcy1Tpk1_re236>#Bcy1@1=Bcy1@1#Tpk3@2=Tpk3@2
108,<Bcy1ppiminusTpk3>,AND,<Bcy1ppiminusTpk3_re236>#Bcy1@1=Bcy1@1#Tpk3@2=Tpk3@2
109,<Bcy1ppiminusTpk3_re236>,AND,<Bcy1Tpk1_re236>#Bcy1@1=Bcy1@1#Tpk3@2=Tpk3@2
110,<Bcy1ppiplusTpk1>,AND,<Bcy1ppiplusTpk1_re238>#Bcy1@1=Bcy1@1#Tpk1@1=Tpk1@2
111,<Bcy1ppiplusTpk1>,AND,<Bcy1ppiplusTpk1_re239>#Bcy1@1=Bcy1@1#Tpk3@1=Tpk3@2
112,<Bcy1ppiplusTpk1_re238>,AND,<Bcy1_re238>#Bcy1@1=Bcy1@1#Tpk1@1=Tpk1@2
113,<Bcy1ppiplusTpk1_re238>,AND,<Tpk1_re238>#Bcy1@1=Bcy1@1#Tpk1@1=Tpk1@2
114,<Bcy1ppiplusTpk1_re239>,AND,<Bcy1_re239>#Bcy1@1=Bcy1@1#Tpk3@1=Tpk3@2
115,<Bcy1ppiplusTpk1_re239>,AND,<Tpk3_re239>#Bcy1@1=Bcy1@1#Tpk3@1=Tpk3@2
116,<Bcy1ppiplusTpk2>,AND,<Bcy1ppiplusTpk2_re237>#Bcy1@1=Bcy1@1#Tpk2@1=Tpk2@2
117,<Bcy1ppiplusTpk2_re237>,AND,<Bcy1_re237>#Bcy1@1=Bcy1@1#Tpk2@1=Tpk2@2
118,<Bcy1ppiplusTpk2_re237>,AND,<Tpk2_re237>#Bcy1@1=Bcy1@1#Tpk2@1=Tpk2@2
119,<Bcy1ppiplusTpk3>,AND,<Bcy1ppiplusTpk3_re239>#Bcy1@1=Bcy1@1#Tpk3@1=Tpk3@2
120,<Bcy1ppiplusTpk3_re239>,AND,<Bcy1_re239>#Bcy1@1=Bcy1@1#Tpk3@1=Tpk3@2
121,<Bcy1ppiplusTpk3_re239>,AND,<Tpk3_re239>#Bcy1@1=Bcy1@1#Tpk3@1=Tpk3@2
122,<Bem1GDPCdc42>,AND,<GDPCdc42>#Cdc42@2=Cdc42@1#GDP@3=GDP@2,,,
123,<Bem1GDPCdc42>,AND,Bem1@1--Cdc42@2,,,
124,<Bem1GDPCdc42Cdc24Far1Ste4Ste18>,AND,<Bem1GDPCdc42>#Bem1@1=Bem1@1#Cdc42@2=Cdc42@1#GDP@3=GDP@2,,,
125,<Bem1GDPCdc42Cdc24Far1Ste4Ste18>,AND,<Cdc24Far1Ste4Ste18>#Cdc24@4=Cdc24@1#Far1@5=Far1@2#Ste18@6=Ste18@1#Ste4@7=Ste4@2,,,
126,<Bem1GDPCdc42Cdc24Far1Ste4Ste18>,AND,Bem1@1--Cdc42@2,,,
127,<Bem1GDPCdc42Cdc24Far1Ste4Ste18_re209>,2AND,Far1@5_[(T306)]-{P}
128,<Bem1GDPCdc42Cdc24Far1Ste4Ste18_re209>,2AND,Ste18@6_[(rs1)]-{pre}
129,<Bem1GDPCdc42Cdc24Far1Ste4Ste18_re209>,2AND,Ste18@6_[(rs2)]-{palm}
130,<Bem1GDPCdc42Cdc24Far1Ste4Ste18_re209>,2AND,Ste4@7_[(S335)]-{P}
131,<Bem1GDPCdc42Cdc24Far1Ste4Ste18_re209>,2AND,Ste4@7_[(T320)]-{P}
132,<Bem1GDPCdc42Cdc24Far1Ste4Ste18_re209>,2AND,Ste4@7_[(T322)]-{P}
133,<Bem1GDPCdc42Cdc24Far1Ste4Ste18_re209>,AND,<Bem1GDPCdc42Cdc24Far1Ste4Ste18>#Bem1@1=Bem1@1#Cdc42@2=Cdc42@1#GDP@3=GDP@2#Cdc24@4=Cdc24@1#Far1@5=Far1@2#Ste18@6=Ste18@1#Ste4@7=Ste4@2
134,<Bem1GDPCdc42Cdc24GTPRsr1>,AND,<Cdc24GTPRsr1>#Cdc24@2=Cdc24@1#GDP@3=GDP@1#Rsr1@4=Rsr1@2,,,
135,<Bem1GDPCdc42Cdc24GTPRsr1>,AND,<GDPCdc42>#Cdc42@5=Cdc42@1#GDP@6=GDP@2,,,
136,<Bem1GDPCdc42Cdc24GTPRsr1>,AND,Bem1@1--Cdc42@5,,,
137,<Bem1GDPCdc42Cdc24GTPRsr1>,AND,Cdc42@5--Rsr1@4,,,
138,<Bem1GDPCdc42Cdc24GTPRsr1_re222>,2AND,Rsr1@4_[(rs1)]-{pre}
139,<Bem1GDPCdc42Cdc24GTPRsr1_re222>,AND,<Bem1GDPCdc42Cdc24GTPRsr1>#Bem1@1=Bem1@1#Cdc24@2=Cdc24@1#GDP@3=GDP@1#Rsr1@4=Rsr1@2#Cdc42@5=Cdc42@1#GDP@6=GDP@2
140,<Bem1GDPCdc42_re220>,AND,<Bem1GDPCdc42>#Bem1@1=Bem1@1#Cdc42@2=Cdc42@1#GDP@3=GDP@2
141,<Bem1GDPCdc42_re79>,AND,<Bem1GDPCdc42>#Bem1@1=Bem1@1#Cdc42@2=Cdc42@1#GDP@3=GDP@2
142,<Bem1GTPCdc42>,AND,<GTPCdc42>#Cdc42@2=Cdc42@1#GTP@3=GTP@2,,,
143,<Bem1GTPCdc42>,AND,Bem1@1--Cdc42@2,,,
144,<Bem1GTPCdc42Cdc24Far1Ste4Ste18>,AND,<Bem1GTPCdc42>#Bem1@1=Bem1@1#Cdc42@2=Cdc42@1#GDP@3=GDP@2,,,
145,<Bem1GTPCdc42Cdc24Far1Ste4Ste18>,AND,<Cdc24Far1Ste4Ste18>#Cdc24@4=Cdc24@1#Far1@5=Far1@2#Ste18@6=Ste18@1#Ste4@7=Ste4@2,,,
146,<Bem1GTPCdc42Cdc24Far1Ste4Ste18>,AND,Bem1@1--Cdc24@4,,,
147,<Bem1GTPCdc42Cdc24Far1Ste4Ste18Ste20>,AND,<Bem1GTPCdc42>#Bem1@1=Bem1@1#Cdc42@2=Cdc42@1#GTP@3=GTP@2,,,
148,<Bem1GTPCdc42Cdc24Far1Ste4Ste18Ste20>,AND,<Cdc24Far1Ste4Ste18>#Cdc24@4=Cdc24@1#Far1@5=Far1@2#Ste18@6=Ste18@1#Ste4@7=Ste4@2,,,
149,<Bem1GTPCdc42Cdc24Far1Ste4Ste18Ste20>,AND,Bem1@1--Cdc24@4,,,
150,<Bem1GTPCdc42Cdc24Far1Ste4Ste18Ste20>,AND,Cdc42@2--Ste20@8,,,
151,<Bem1GTPCdc42Cdc24Far1Ste4Ste18Ste20_re81_0>,2AND,Far1@5_[(T306)]-{P}
152,<Bem1GTPCdc42Cdc24Far1Ste4Ste18Ste20_re81_0>,2AND,Ste18@6_[(rs1)]-{pre}
153,<Bem1GTPCdc42Cdc24Far1Ste4Ste18Ste20_re81_0>,2AND,Ste18@6_[(rs2)]-{palm}
154,<Bem1GTPCdc42Cdc24Far1Ste4Ste18Ste20_re81_0>,2AND,Ste4@7_[(S335)]-{P}
155,<Bem1GTPCdc42Cdc24Far1Ste4Ste18Ste20_re81_0>,2AND,Ste4@7_[(T320)]-{P}
156,<Bem1GTPCdc42Cdc24Far1Ste4Ste18Ste20_re81_0>,2AND,Ste4@7_[(T322)]-{P}
157,<Bem1GTPCdc42Cdc24Far1Ste4Ste18Ste20_re81_0>,AND,<Bem1GTPCdc42Cdc24Far1Ste4Ste18Ste20>#Bem1@1=Bem1@1#Cdc42@2=Cdc42@1#GTP@3=GTP@2#Cdc24@4=Cdc24@1#Far1@5=Far1@2#Ste18@6=Ste18@1#Ste4@7=Ste4@2#Ste20@8=Ste20@3
158,<Bem1GTPCdc42Cdc24Far1Ste4Ste18Ste20_re81_1>,2AND,Far1@5_[(T306)]-{P}
159,<Bem1GTPCdc42Cdc24Far1Ste4Ste18Ste20_re81_1>,2AND,Ste18@6_[(rs1)]-{pre}
160,<Bem1GTPCdc42Cdc24Far1Ste4Ste18Ste20_re81_1>,2AND,Ste18@6_[(rs2)]-{palm}
161,<Bem1GTPCdc42Cdc24Far1Ste4Ste18Ste20_re81_1>,2AND,Ste4@7_[(S335)]-{P}
162,<Bem1GTPCdc42Cdc24Far1Ste4Ste18Ste20_re81_1>,2AND,Ste4@7_[(T320)]-{P}
163,<Bem1GTPCdc42Cdc24Far1Ste4Ste18Ste20_re81_1>,2AND,Ste4@7_[(T322)]-{P}
164,<Bem1GTPCdc42Cdc24Far1Ste4Ste18Ste20_re81_1>,AND,<Bem1GTPCdc42Cdc24Far1Ste4Ste18Ste20>#Bem1@1=Bem1@1#Cdc42@2=Cdc42@1#GTP@3=GTP@2#Cdc24@4=Cdc24@1#Far1@5=Far1@2#Ste18@6=Ste18@1#Ste4@7=Ste4@2#Ste20@8=Ste20@3
165,<Bem1GTPCdc42Cdc24Far1Ste4Ste18Ste20_re81_2>,2AND,Far1@5_[(T306)]-{P}
166,<Bem1GTPCdc42Cdc24Far1Ste4Ste18Ste20_re81_2>,2AND,Ste18@6_[(rs1)]-{pre}
167,<Bem1GTPCdc42Cdc24Far1Ste4Ste18Ste20_re81_2>,2AND,Ste18@6_[(rs2)]-{palm}
168,<Bem1GTPCdc42Cdc24Far1Ste4Ste18Ste20_re81_2>,2AND,Ste4@7_[(S335)]-{P}
169,<Bem1GTPCdc42Cdc24Far1Ste4Ste18Ste20_re81_2>,2AND,Ste4@7_[(T320)]-{P}
170,<Bem1GTPCdc42Cdc24Far1Ste4Ste18Ste20_re81_2>,2AND,Ste4@7_[(T322)]-{P}
171,<Bem1GTPCdc42Cdc24Far1Ste4Ste18Ste20_re81_2>,AND,<Bem1GTPCdc42Cdc24Far1Ste4Ste18Ste20>#Bem1@1=Bem1@1#Cdc42@2=Cdc42@1#GTP@3=GTP@2#Cdc24@4=Cdc24@1#Far1@5=Far1@2#Ste18@6=Ste18@1#Ste4@7=Ste4@2#Ste20@8=Ste20@3
172,<Bem1GTPCdc42Cdc24Far1Ste4Ste18_re80>,2AND,Far1@5_[(T306)]-{P}
173,<Bem1GTPCdc42Cdc24Far1Ste4Ste18_re80>,2AND,Ste18@6_[(rs1)]-{pre}
174,<Bem1GTPCdc42Cdc24Far1Ste4Ste18_re80>,2AND,Ste18@6_[(rs2)]-{palm}
175,<Bem1GTPCdc42Cdc24Far1Ste4Ste18_re80>,2AND,Ste4@7_[(S335)]-{P}
176,<Bem1GTPCdc42Cdc24Far1Ste4Ste18_re80>,2AND,Ste4@7_[(T320)]-{P}
177,<Bem1GTPCdc42Cdc24Far1Ste4Ste18_re80>,2AND,Ste4@7_[(T322)]-{P}
178,<Bem1GTPCdc42Cdc24Far1Ste4Ste18_re80>,AND,<Bem1GTPCdc42Cdc24Far1Ste4Ste18>#Bem1@1=Bem1@1#Cdc42@2=Cdc42@1#GDP@3=GDP@2#Cdc24@4=Cdc24@1#Far1@5=Far1@2#Ste18@6=Ste18@1#Ste4@7=Ste4@2
179,<Bem1GTPCdc42Cdc24GTPRsr1>,AND,<Cdc24GTPRsr1>#Cdc24@2=Cdc24@1#GTP@3=GTP@1#Rsr1@4=Rsr1@2,,,
180,<Bem1GTPCdc42Cdc24GTPRsr1>,AND,<GTPCdc42>#Cdc42@5=Cdc42@1#GTP@6=GTP@2,,,
181,<Bem1GTPCdc42Cdc24GTPRsr1>,AND,Bem1@1--Cdc42@5,,,
182,<Bem1GTPCdc42Cdc24GTPRsr1>,AND,Cdc42@5--Rsr1@4,,,
183,<Bem1GTPCdc42Cdc24GTPRsr1_re102>,2AND,Cdc24@2_[(rs1)]-{P}
184,<Bem1GTPCdc42Cdc24GTPRsr1_re102>,2AND,Rsr1@4_[(rs1)]-{pre}
185,<Bem1GTPCdc42Cdc24GTPRsr1_re102>,AND,<Bem1GTPCdc42Cdc24GTPRsr1>#Bem1@1=Bem1@1#Cdc24@2=Cdc24@1#GTP@3=GTP@1#Rsr1@4=Rsr1@2#Cdc42@5=Cdc42@1#GTP@6=GTP@2
186,<Bem1GTPCdc42Cdc24GTPRsr1_re221>,2AND,Rsr1@4_[(rs1)]-{pre}
187,<Bem1GTPCdc42Cdc24GTPRsr1_re221>,AND,<Bem1GTPCdc42Cdc24GTPRsr1>#Bem1@1=Bem1@1#Cdc24@2=Cdc24@1#GTP@3=GTP@1#Rsr1@4=Rsr1@2#Cdc42@5=Cdc42@1#GTP@6=GTP@2
188,<Bem1GTPCdc42Cdc24GTPRsr1_re271>,2AND,Rsr1@4_[(rs1)]-{pre}
189,<Bem1GTPCdc42Cdc24GTPRsr1_re271>,AND,<Bem1GTPCdc42Cdc24GTPRsr1>#Bem1@1=Bem1@1#Cdc24@2=Cdc24@1#GTP@3=GTP@1#Rsr1@4=Rsr1@2#Cdc42@5=Cdc42@1#GTP@6=GTP@2
190,<Bem1GTPCdc42GTPRsr1>,AND,<GTPCdc42>#Cdc42@2=Cdc42@1#GTP@3=GTP@2,,,
191,<Bem1GTPCdc42GTPRsr1>,AND,<GTPRsr1>#GTP@4=GTP@1#Rsr1@5=Rsr1@2,,,
192,<Bem1GTPCdc42GTPRsr1>,AND,Bem1@1--Cdc42@5,,,
193,<Bem1GTPCdc42GTPRsr1>,AND,Cdc42@5--Rsr1@4,,,
194,<Bem1_re76>,AND,Bem1@1
195,<Bem1ppiminusCdc42>,AND,<Bem1GTPCdc42Cdc24GTPRsr1_re271>#Bem1@1=Bem1@1#Cdc24@2=Cdc24@1#GTP@3=GTP@1#Rsr1@4=Rsr1@2#Cdc42@5=Cdc42@1#GTP@6=GTP@2
196,<Bem1ppiminusCdc42>,AND,<Bem1ppiminusCdc42_re220>#Bem1@1=Bem1@1#Cdc42@2=Cdc42@1#GDP@3=GDP@2#Cdc24@1=Cdc24@1#GTP@2=GTP@1#Rsr1@3=Rsr1@2
197,<Bem1ppiminusCdc42>,AND,<Bem1ppiminusCdc42_re271>#Bem1@1=Bem1@1#Cdc24@2=Cdc24@1#GTP@3=GTP@1#Rsr1@4=Rsr1@2#Cdc42@5=Cdc42@1#GTP@6=GTP@2
198,<Bem1ppiminusCdc42_re220>,AND,<Bem1GDPCdc42_re220>#Bem1@1=Bem1@1#Cdc42@2=Cdc42@1#GDP@3=GDP@2
199,<Bem1ppiminusCdc42_re220>,AND,<Cdc24GTPRsr1_re220>#Cdc24@1=Cdc24@1#GTP@2=GTP@1#Rsr1@3=Rsr1@2
200,<Bem1ppiminusCdc42_re271>,AND,<Bem1GTPCdc42Cdc24GTPRsr1_re271>#Bem1@1=Bem1@1#Cdc24@2=Cdc24@1#GTP@3=GTP@1#Rsr1@4=Rsr1@2#Cdc42@5=Cdc42@1#GTP@6=GTP@2
201,<Bem1ppiplusCdc24>,AND,<Bem1GDPCdc42Cdc24Far1Ste4Ste18_re209>#Bem1@1=Bem1@1#Cdc42@2=Cdc42@1#GDP@3=GDP@2#Cdc24@4=Cdc24@1#Far1@5=Far1@2#Ste18@6=Ste18@1#Ste4@7=Ste4@2
202,<Bem1ppiplusCdc24>,AND,<Bem1ppiplusCdc24_re209>#Bem1@1=Bem1@1#Cdc42@2=Cdc42@1#GDP@3=GDP@2#Cdc24@4=Cdc24@1#Far1@5=Far1@2#Ste18@6=Ste18@1#Ste4@7=Ste4@2
203,<Bem1ppiplusCdc24_re209>,AND,<Bem1GDPCdc42Cdc24Far1Ste4Ste18_re209>#Bem1@1=Bem1@1#Cdc42@2=Cdc42@1#GDP@3=GDP@2#Cdc24@4=Cdc24@1#Far1@5=Far1@2#Ste18@6=Ste18@1#Ste4@7=Ste4@2
204,<Bem1ppiplusCdc42>,AND,<Bem1ppiplusCdc42_re220>#Bem1@1=Bem1@1#Cdc42@2=Cdc42@1#GDP@3=GDP@2#Cdc24@1=Cdc24@1#GTP@2=GTP@1#Rsr1@3=Rsr1@2
205,<Bem1ppiplusCdc42>,AND,<Bem1ppiplusCdc42_re76>#Cdc42@1=Cdc42@1#GDP@2=GDP@2#Bem1@1=Bem1@2
206,<Bem1ppiplusCdc42_re220>,AND,<Bem1GDPCdc42_re220>#Bem1@1=Bem1@1#Cdc42@2=Cdc42@1#GDP@3=GDP@2
207,<Bem1ppiplusCdc42_re220>,AND,<Cdc24GTPRsr1_re220>#Cdc24@1=Cdc24@1#GTP@2=GTP@1#Rsr1@3=Rsr1@2
208,<Bem1ppiplusCdc42_re76>,AND,<Bem1_re76>#Cdc42@1=Cdc42@1#GDP@2=GDP@2#Bem1@1=Bem1@2
209,<Bem1ppiplusCdc42_re76>,AND,<GDPCdc42>#Cdc42@1=Cdc42@1#GDP@2=GDP@2
210,<Bem1ppiplusCdc42_re76>,AND,<GDPCdc42_re76>#Cdc42@1=Cdc42@1#GDP@2=GDP@2
211,<Cdc24Far1>,AND,Cdc24@1--Far1@2,,,
212,<Cdc24Far1Ste4Ste18>,AND,<Cdc24Far1>#Cdc24@1=Cdc24@1#Far1@2=Far1@2,,,
213,<Cdc24Far1Ste4Ste18>,AND,<Ste4Ste18>#Ste18@3=Ste18@1#Ste4@4=Ste4@2,,,
214,<Cdc24Far1Ste4Ste18>,AND,Far1@2--Ste4@4,,,
215,<Cdc24Far1Ste4Ste18_re79>,2AND,Far1@2_[(T306)]-{P}
216,<Cdc24Far1Ste4Ste18_re79>,2AND,Ste18@3_[(rs1)]-{pre}
217,<Cdc24Far1Ste4Ste18_re79>,2AND,Ste18@3_[(rs2)]-{palm}
218,<Cdc24Far1Ste4Ste18_re79>,2AND,Ste4@4_[(S335)]-{P}
219,<Cdc24Far1Ste4Ste18_re79>,2AND,Ste4@4_[(T320)]-{P}
220,<Cdc24Far1Ste4Ste18_re79>,2AND,Ste4@4_[(T322)]-{P}
221,<Cdc24Far1Ste4Ste18_re79>,AND,<Cdc24Far1Ste4Ste18>#Cdc24@1=Cdc24@1#Far1@2=Far1@2#Ste18@3=Ste18@1#Ste4@4=Ste4@2
222,<Cdc24Far1_re75>,2AND,Far1@2_[(T306)]-{P}
223,<Cdc24Far1_re75>,AND,<Cdc24Far1>#Cdc24@1=Cdc24@1#Far1@2=Far1@2
224,<Cdc24Far1_re78>,2AND,Far1@2_[(T306)]-{P}
225,<Cdc24Far1_re78>,AND,<Cdc24Far1>#Cdc24@1=Cdc24@1#Far1@2=Far1@2
226,<Cdc24GTPRsr1>,AND,<GTPRsr1>#GTP@2=GTP@1#Rsr1@3=Rsr1@2,,,
227,<Cdc24GTPRsr1>,AND,Cdc24@1--Rsr1@3,,,
228,<Cdc24GTPRsr1_re220>,2AND,Rsr1@3_[(rs1)]-{pre}
229,<Cdc24GTPRsr1_re220>,AND,<Cdc24GTPRsr1>#Cdc24@1=Cdc24@1#GTP@2=GTP@1#Rsr1@3=Rsr1@2
230,<Cdc24_re68>,AND,Cdc24@1
231,<Cdc24_re99>,AND,Cdc24@1
232,<Cdc24ppiminusRsr1>,AND,<Bem1GTPCdc42Cdc24GTPRsr1_re102>#Bem1@1=Bem1@1#Cdc24@2=Cdc24@1#GTP@3=GTP@1#Rsr1@4=Rsr1@2#Cdc42@5=Cdc42@1#GTP@6=GTP@2
233,<Cdc24ppiminusRsr1>,AND,<Bem1GTPCdc42Cdc24GTPRsr1_re271>#Bem1@1=Bem1@1#Cdc24@2=Cdc24@1#GTP@3=GTP@1#Rsr1@4=Rsr1@2#Cdc42@5=Cdc42@1#GTP@6=GTP@2
234,<Cdc24ppiminusRsr1>,AND,<Cdc24ppiminusRsr1_re102>#Bem1@1=Bem1@1#Cdc24@2=Cdc24@1#GTP@3=GTP@1#Rsr1@4=Rsr1@2#Cdc42@5=Cdc42@1#GTP@6=GTP@2
235,<Cdc24ppiminusRsr1>,AND,<Cdc24ppiminusRsr1_re271>#Bem1@1=Bem1@1#Cdc24@2=Cdc24@1#GTP@3=GTP@1#Rsr1@4=Rsr1@2#Cdc42@5=Cdc42@1#GTP@6=GTP@2
236,<Cdc24ppiminusRsr1_re102>,AND,<Bem1GTPCdc42Cdc24GTPRsr1_re102>#Bem1@1=Bem1@1#Cdc24@2=Cdc24@1#GTP@3=GTP@1#Rsr1@4=Rsr1@2#Cdc42@5=Cdc42@1#GTP@6=GTP@2
237,<Cdc24ppiminusRsr1_re271>,AND,<Bem1GTPCdc42Cdc24GTPRsr1_re271>#Bem1@1=Bem1@1#Cdc24@2=Cdc24@1#GTP@3=GTP@1#Rsr1@4=Rsr1@2#Cdc42@5=Cdc42@1#GTP@6=GTP@2
238,<Cdc24ppiplusFar1>,AND,<Cdc24ppiplusFar1_re68>#Far1@1=Far1@1#Cdc24@1=Cdc24@2
239,<Cdc24ppiplusFar1_re68>,AND,<Cdc24_re68>#Far1@1=Far1@1#Cdc24@1=Cdc24@2
240,<Cdc24ppiplusFar1_re68>,AND,<Far1_re68>#Far1@1=Far1@1#Cdc24@1=Cdc24@2
241,<Cdc24ppiplusRsr1>,AND,<Cdc24ppiplusRsr1_re99>#Cdc24@1=Cdc24@1#GTP@1=GTP@1#Rsr1@2=Rsr1@2
242,<Cdc24ppiplusRsr1_re99>,AND,<Cdc24_re99>#Cdc24@1=Cdc24@1#GTP@1=GTP@1#Rsr1@2=Rsr1@2
243,<Cdc24ppiplusRsr1_re99>,AND,<GTPRsr1_re99>#GTP@1=GTP@1#Rsr1@2=Rsr1@2
244,<Cdc28Cln1>,AND,Cdc28@1--Cln1@2,,,
245,<Cdc28Cln1Far1>,AND,<Cdc28Cln1>#Cdc28@1=Cdc28@1#Cln1@2=Cln1@2,,,
246,<Cdc28Cln1Far1>,AND,Cdc28@1--Far1@3,,,
247,<Cdc28Cln1Far1_re214>,2AND,Far1@3_[(T306)]-{P}
248,<Cdc28Cln1Far1_re214>,AND,<Cdc28Cln1Far1>#Cdc28@1=Cdc28@1#Cln1@2=Cln1@2#Far1@3=Far1@2
249,<Cdc28Cln1Far1_re215>,2AND,Far1@3_[(S87)]-{P}
250,<Cdc28Cln1Far1_re215>,2AND,Far1@3_[(T306)]-{P}
251,<Cdc28Cln1Far1_re215>,AND,<Cdc28Cln1Far1>#Cdc28@1=Cdc28@1#Cln1@2=Cln1@2#Far1@3=Far1@2
252,<Cdc28Cln1Far1_re216>,2AND,Far1@3_[(S87)]-{P}
253,<Cdc28Cln1Far1_re216>,2AND,Far1@3_[(T306)]-{P}
254,<Cdc28Cln1Far1_re216>,2AND,Far1@3_[(rs5)]-{Ub}
255,<Cdc28Cln1Far1_re216>,AND,<Cdc28Cln1Far1>#Cdc28@1=Cdc28@1#Cln1@2=Cln1@2#Far1@3=Far1@2
256,<Cdc28Cln1_re212>,AND,<Cdc28Cln1>#Cdc28@1=Cdc28@1#Cln1@2=Cln1@2
257,<Cdc28Cln1_re213>,AND,<Cdc28Cln1>#Cdc28@1=Cdc28@1#Cln1@2=Cln1@2
258,<Cdc28Cln1_re272>,AND,<Cdc28Cln1>#Cdc28@1=Cdc28@1#Cln1@2=Cln1@2
259,<Cdc28Cln2>,AND,Cdc28@1--Cln2@2,,,
260,<Cdc28Cln2Far1>,AND,<Cdc28Cln2>#Cdc28@1=Cdc28@1#Cln2@2=Cln2@2,,,
261,<Cdc28Cln2Far1>,AND,Cdc28@1--Far1@3,,,
262,<Cdc28Cln2Far1_re69>,2AND,Far1@3_[(T306)]-{P}
263,<Cdc28Cln2Far1_re69>,AND,<Cdc28Cln2Far1>#Cdc28@1=Cdc28@1#Cln2@2=Cln2@2#Far1@3=Far1@2
264,<Cdc28Cln2Far1_re70>,2AND,Far1@3_[(S87)]-{P}
265,<Cdc28Cln2Far1_re70>,2AND,Far1@3_[(T306)]-{P}
266,<Cdc28Cln2Far1_re70>,AND,<Cdc28Cln2Far1>#Cdc28@1=Cdc28@1#Cln2@2=Cln2@2#Far1@3=Far1@2
267,<Cdc28Cln2Far1_re73>,2AND,Far1@3_[(S87)]-{P}
268,<Cdc28Cln2Far1_re73>,2AND,Far1@3_[(T306)]-{P}
269,<Cdc28Cln2Far1_re73>,2AND,Far1@3_[(rs5)]-{Ub}
270,<Cdc28Cln2Far1_re73>,AND,<Cdc28Cln2Far1>#Cdc28@1=Cdc28@1#Cln2@2=Cln2@2#Far1@3=Far1@2
271,<Cdc28Cln2_re211>,AND,<Cdc28Cln2>#Cdc28@1=Cdc28@1#Cln2@2=Cln2@2
272,<Cdc28Cln2_re273>,AND,<Cdc28Cln2>#Cdc28@1=Cdc28@1#Cln2@2=Cln2@2
273,<Cdc28Cln2_re66>,AND,<Cdc28Cln2>#Cdc28@1=Cdc28@1#Cln2@2=Cln2@2
274,<Cdc28PplusFar1(S87)>,AND,<Cdc28Cln1Far1_re214>#Cdc28@1=Cdc28@1#Cln1@2=Cln1@2#Far1@3=Far1@2
275,<Cdc28PplusFar1(S87)>,AND,<Cdc28Cln2Far1_re69>#Cdc28@1=Cdc28@1#Cln2@2=Cln2@2#Far1@3=Far1@2
276,<Cdc28PplusFar1_re214>,AND,<Cdc28Cln1Far1_re214>#Cdc28@1=Cdc28@1#Cln1@2=Cln1@2#Far1@3=Far1@2
277,<Cdc28PplusFar1_re69>,AND,<Cdc28Cln2Far1_re69>#Cdc28@1=Cdc28@1#Cln2@2=Cln2@2#Far1@3=Far1@2
278,<Cdc28PplusSte20(rs1)>,AND,<Bem1GTPCdc42Cdc24Far1Ste4Ste18Ste20_re81_1>#Bem1@1=Bem1@1#Cdc42@2=Cdc42@1#GTP@3=GTP@2#Cdc24@4=Cdc24@1#Far1@5=Far1@2#Ste18@6=Ste18@1#Ste4@7=Ste4@2#Ste20@8=Ste20@3
279,<Cdc28PplusSte20(rs1)>,AND,<Bem1GTPCdc42Cdc24Far1Ste4Ste18Ste20_re81_2>#Bem1@1=Bem1@1#Cdc42@2=Cdc42@1#GTP@3=GTP@2#Cdc24@4=Cdc24@1#Far1@5=Far1@2#Ste18@6=Ste18@1#Ste4@7=Ste4@2#Ste20@8=Ste20@3
280,<Cdc28PplusSte20_re81_1>,AND,<Bem1GTPCdc42Cdc24Far1Ste4Ste18Ste20_re81_1>#Bem1@1=Bem1@1#Cdc42@2=Cdc42@1#GTP@3=GTP@2#Cdc24@4=Cdc24@1#Far1@5=Far1@2#Ste18@6=Ste18@1#Ste4@7=Ste4@2#Ste20@8=Ste20@3
281,<Cdc28PplusSte20_re81_2>,AND,<Bem1GTPCdc42Cdc24Far1Ste4Ste18Ste20_re81_2>#Bem1@1=Bem1@1#Cdc42@2=Cdc42@1#GTP@3=GTP@2#Cdc24@4=Cdc24@1#Far1@5=Far1@2#Ste18@6=Ste18@1#Ste4@7=Ste4@2#Ste20@8=Ste20@3
282,<Cdc28_re178>,AND,Cdc28@1
283,<Cdc28_re210>,AND,Cdc28@1
284,<Cdc28ppiminusCln1>,AND,<Cdc28Cln1_re272>#Cdc28@1=Cdc28@1#Cln1@2=Cln1@2
285,<Cdc28ppiminusCln1>,AND,<Cdc28ppiminusCln1_re272>#Cdc28@1=Cdc28@1#Cln1@2=Cln1@2
286,<Cdc28ppiminusCln1_re272>,AND,<Cdc28Cln1>#Cdc28@1=Cdc28@1#Cln1@2=Cln1@2
287,<Cdc28ppiminusCln1_re272>,AND,<Cdc28Cln1_re272>#Cdc28@1=Cdc28@1#Cln1@2=Cln1@2
288,<Cdc28ppiminusCln2>,AND,<Cdc28Cln2_re273>#Cdc28@1=Cdc28@1#Cln2@2=Cln2@2
289,<Cdc28ppiminusCln2>,AND,<Cdc28ppiminusCln2_re273>#Cdc28@1=Cdc28@1#Cln2@2=Cln2@2
290,<Cdc28ppiminusCln2_re273>,AND,<Cdc28Cln2>#Cdc28@1=Cdc28@1#Cln2@2=Cln2@2
291,<Cdc28ppiminusCln2_re273>,AND,<Cdc28Cln2_re273>#Cdc28@1=Cdc28@1#Cln2@2=Cln2@2
292,<Cdc28ppiminusFar1>,AND,<Cdc28Cln1Far1_re216>#Cdc28@1=Cdc28@1#Cln1@2=Cln1@2#Far1@3=Far1@2
293,<Cdc28ppiminusFar1>,AND,<Cdc28Cln2Far1_re73>#Cdc28@1=Cdc28@1#Cln2@2=Cln2@2#Far1@3=Far1@2
294,<Cdc28ppiminusFar1>,AND,<Cdc28ppiminusFar1_re216>#Cdc28@1=Cdc28@1#Cln1@2=Cln1@2#Far1@3=Far1@2
295,<Cdc28ppiminusFar1>,AND,<Cdc28ppiminusFar1_re73>#Cdc28@1=Cdc28@1#Cln2@2=Cln2@2#Far1@3=Far1@2
296,<Cdc28ppiminusFar1_re216>,AND,<Cdc28Cln1Far1_re216>#Cdc28@1=Cdc28@1#Cln1@2=Cln1@2#Far1@3=Far1@2
297,<Cdc28ppiminusFar1_re73>,AND,<Cdc28Cln2Far1_re73>#Cdc28@1=Cdc28@1#Cln2@2=Cln2@2#Far1@3=Far1@2
298,<Cdc28ppiplusCln1>,AND,<Cdc28ppiplusCln1_re210>#Cdc28@1=Cdc28@1#Cln1@1=Cln1@2
299,<Cdc28ppiplusCln1_re210>,AND,<Cdc28_re210>#Cdc28@1=Cdc28@1#Cln1@1=Cln1@2
300,<Cdc28ppiplusCln1_re210>,AND,<Cln1_re210>#Cdc28@1=Cdc28@1#Cln1@1=Cln1@2
301,<Cdc28ppiplusCln2>,AND,<Cdc28ppiplusCln2_re178>#Cdc28@1=Cdc28@1#Cln2@1=Cln2@2
302,<Cdc28ppiplusCln2_re178>,AND,<Cdc28_re178>#Cdc28@1=Cdc28@1#Cln2@1=Cln2@2
303,<Cdc28ppiplusCln2_re178>,AND,<Cln2_re178>#Cdc28@1=Cdc28@1#Cln2@1=Cln2@2
304,<Cdc28ppiplusFar1>,AND,<Cdc28ppiplusFar1_re213>#Far1@1=Far1@1#Cdc28@1=Cdc28@1#Cln1@2=Cln1@2
305,<Cdc28ppiplusFar1>,AND,<Cdc28ppiplusFar1_re66>#Far1@1=Far1@1#Cdc28@1=Cdc28@1#Cln2@2=Cln2@2
306,<Cdc28ppiplusFar1_re213>,AND,<Cdc28Cln1>#Cdc28@1=Cdc28@1#Cln1@2=Cln1@2
307,<Cdc28ppiplusFar1_re213>,AND,<Cdc28Cln1_re213>#Cdc28@1=Cdc28@1#Cln1@2=Cln1@2
308,<Cdc28ppiplusFar1_re213>,AND,<Far1_re213>#Far1@1=Far1@1#Cdc28@1=Cdc28@1#Cln1@2=Cln1@2
309,<Cdc28ppiplusFar1_re66>,AND,<Cdc28Cln2>#Cdc28@1=Cdc28@1#Cln2@2=Cln2@2
310,<Cdc28ppiplusFar1_re66>,AND,<Cdc28Cln2_re66>#Cdc28@1=Cdc28@1#Cln2@2=Cln2@2
311,<Cdc28ppiplusFar1_re66>,AND,<Far1_re66>#Far1@1=Far1@1#Cdc28@1=Cdc28@1#Cln2@2=Cln2@2
312,<Cdc34UbplusFar1(rs5)>,OR,<Cdc28Cln1Far1_re215>#Cdc28@1=Cdc28@1#Cln1@2=Cln1@2#Far1@3=Far1@2
313,<Cdc34UbplusFar1(rs5)>,OR,<Cdc28Cln2Far1_re70>#Cdc28@1=Cdc28@1#Cln2@2=Cln2@2#Far1@3=Far1@2
314,<Cdc34UbplusFar1_re215>,AND,<Cdc28Cln1Far1_re215>#Cdc28@1=Cdc28@1#Cln1@2=Cln1@2#Far1@3=Far1@2
315,<Cdc34UbplusFar1_re70>,AND,<Cdc28Cln2Far1_re70>#Cdc28@1=Cdc28@1#Cln2@2=Cln2@2#Far1@3=Far1@2
316,<Cdc34UbplusSte7(rs3)>,AND,<Ste7_re179>
317,<Cdc34UbplusSte7_re179>,AND,<Ste7_re179>
318,<Cdc34UbplusTec1(rs2)>,AND,<Tec1_re146_0>
319,<Cdc34UbplusTec1(rs2)>,AND,<Tec1_re146_1>
320,<Cdc34UbplusTec1_re146_0>,AND,<Tec1_re146_0>
321,<Cdc34UbplusTec1_re146_1>,AND,<Tec1_re146_1>
322,<Cdc42iplusGDP>,AND,<Cdc42iplusGDP_re207_0>#Cdc42@1=Cdc42@1#GTP@2=GTP@2
323,<Cdc42iplusGDP>,AND,<Cdc42iplusGDP_re207_1>#Cdc42@1=Cdc42@1#GTP@2=GTP@2
324,<Cdc42iplusGDP>,AND,<Cdc42iplusGDP_re207_2>#Cdc42@1=Cdc42@1#GTP@2=GTP@2
325,<Cdc42iplusGDP>,AND,<GTPCdc42_re207_0>#Cdc42@1=Cdc42@1#GTP@2=GTP@2
326,<Cdc42iplusGDP>,AND,<GTPCdc42_re207_1>#Cdc42@1=Cdc42@1#GTP@2=GTP@2
327,<Cdc42iplusGDP>,AND,<GTPCdc42_re207_2>#Cdc42@1=Cdc42@1#GTP@2=GTP@2
328,<Cdc42iplusGDP_re207_0>,AND,<GTPCdc42_re207_0>#Cdc42@1=Cdc42@1#GTP@2=GTP@2
329,<Cdc42iplusGDP_re207_1>,AND,<GTPCdc42_re207_1>#Cdc42@1=Cdc42@1#GTP@2=GTP@2
330,<Cdc42iplusGDP_re207_2>,AND,<GTPCdc42_re207_2>#Cdc42@1=Cdc42@1#GTP@2=GTP@2
331,<Cdc42iplusGTP>,AND,<Bem1GDPCdc42Cdc24Far1Ste4Ste18_re209>#Bem1@1=Bem1@1#Cdc42@2=Cdc42@1#GDP@3=GDP@2#Cdc24@4=Cdc24@1#Far1@5=Far1@2#Ste18@6=Ste18@1#Ste4@7=Ste4@2
332,<Cdc42iplusGTP>,AND,<Bem1GDPCdc42Cdc24GTPRsr1_re222>#Bem1@1=Bem1@1#Cdc24@2=Cdc24@1#GDP@3=GDP@1#Rsr1@4=Rsr1@2#Cdc42@5=Cdc42@1#GDP@6=GDP@2
333,<Cdc42iplusGTP>,AND,<Cdc42iplusGTP_re209>#Bem1@1=Bem1@1#Cdc42@2=Cdc42@1#GDP@3=GDP@2#Cdc24@4=Cdc24@1#Far1@5=Far1@2#Ste18@6=Ste18@1#Ste4@7=Ste4@2
334,<Cdc42iplusGTP>,AND,<Cdc42iplusGTP_re222>#Bem1@1=Bem1@1#Cdc24@2=Cdc24@1#GDP@3=GDP@1#Rsr1@4=Rsr1@2#Cdc42@5=Cdc42@1#GDP@6=GDP@2
335,<Cdc42iplusGTP_re209>,AND,<Bem1GDPCdc42Cdc24Far1Ste4Ste18_re209>#Bem1@1=Bem1@1#Cdc42@2=Cdc42@1#GDP@3=GDP@2#Cdc24@4=Cdc24@1#Far1@5=Far1@2#Ste18@6=Ste18@1#Ste4@7=Ste4@2
336,<Cdc42iplusGTP_re222>,AND,<Bem1GDPCdc42Cdc24GTPRsr1_re222>#Bem1@1=Bem1@1#Cdc24@2=Cdc24@1#GDP@3=GDP@1#Rsr1@4=Rsr1@2#Cdc42@5=Cdc42@1#GDP@6=GDP@2
337,<Cdc42ppiminusRsr1>,AND,<Bem1GTPCdc42Cdc24GTPRsr1_re271>#Bem1@1=Bem1@1#Cdc24@2=Cdc24@1#GTP@3=GTP@1#Rsr1@4=Rsr1@2#Cdc42@5=Cdc42@1#GTP@6=GTP@2
338,<Cdc42ppiminusRsr1>,AND,<Cdc42ppiminusRsr1_re271>#Bem1@1=Bem1@1#Cdc24@2=Cdc24@1#GTP@3=GTP@1#Rsr1@4=Rsr1@2#Cdc42@5=Cdc42@1#GTP@6=GTP@2
339,<Cdc42ppiminusRsr1_re271>,AND,<Bem1GTPCdc42Cdc24GTPRsr1_re271>#Bem1@1=Bem1@1#Cdc24@2=Cdc24@1#GTP@3=GTP@1#Rsr1@4=Rsr1@2#Cdc42@5=Cdc42@1#GTP@6=GTP@2
340,<Cdc42ppiplusRsr1>,AND,<Cdc42ppiplusRsr1_re220>#Bem1@1=Bem1@1#Cdc42@2=Cdc42@1#GDP@3=GDP@2#Cdc24@1=Cdc24@1#GTP@2=GTP@1#Rsr1@3=Rsr1@2
341,<Cdc42ppiplusRsr1_re220>,AND,<Bem1GDPCdc42_re220>#Bem1@1=Bem1@1#Cdc42@2=Cdc42@1#GDP@3=GDP@2
342,<Cdc42ppiplusRsr1_re220>,AND,<Cdc24GTPRsr1_re220>#Cdc24@1=Cdc24@1#GTP@2=GTP@1#Rsr1@3=Rsr1@2
343,<Cdc42ppiplusSte20>,AND,<Cdc42ppiplusSte20_re80>#Bem1@1=Bem1@1#Cdc42@2=Cdc42@1#GDP@3=GDP@2#Cdc24@4=Cdc24@1#Far1@5=Far1@2#Ste18@6=Ste18@1#Ste4@7=Ste4@2#Ste20@1=Ste20@2
344,<Cdc42ppiplusSte20_re80>,AND,<Bem1GTPCdc42Cdc24Far1Ste4Ste18_re80>#Bem1@1=Bem1@1#Cdc42@2=Cdc42@1#GDP@3=GDP@2#Cdc24@4=Cdc24@1#Far1@5=Far1@2#Ste18@6=Ste18@1#Ste4@7=Ste4@2
345,<Cdc42ppiplusSte20_re80>,AND,<Ste20_re80>#Bem1@1=Bem1@1#Cdc42@2=Cdc42@1#GDP@3=GDP@2#Cdc24@4=Cdc24@1#Far1@5=Far1@2#Ste18@6=Ste18@1#Ste4@7=Ste4@2#Ste20@1=Ste20@2
346,<Cdc4_re71>,AND,Cdc4@1
347,<Cdc4ppiplusSkp1>,AND,<Cdc4ppiplusSkp1_re71>#Cdc34@1=Cdc34@1#Cdc53@2=Cdc53@2#Hrt1@3=Hrt1@3#Skp1@4=Skp1@4#Cdc4@1=Cdc4@2
348,<Cdc4ppiplusSkp1_re71>,AND,<Cdc4_re71>#Cdc34@1=Cdc34@1#Cdc53@2=Cdc53@2#Hrt1@3=Hrt1@3#Skp1@4=Skp1@4#Cdc4@1=Cdc4@2
349,<Cdc4ppiplusSkp1_re71>,AND,<ScfComplex>#Cdc34@1=Cdc34@1#Cdc53@2=Cdc53@2#Hrt1@3=Hrt1@3#Skp1@4=Skp1@4
350,<Cdc4ppiplusSkp1_re71>,AND,<ScfComplex_re71>#Cdc34@1=Cdc34@1#Cdc53@2=Cdc53@2#Hrt1@3=Hrt1@3#Skp1@4=Skp1@4
351,<Cla4PplusCdc24(rs1)>,AND,<Bem1GTPCdc42Cdc24GTPRsr1_re221>#Bem1@1=Bem1@1#Cdc24@2=Cdc24@1#GTP@3=GTP@1#Rsr1@4=Rsr1@2#Cdc42@5=Cdc42@1#GTP@6=GTP@2
352,<Cla4PplusCdc24_re221>,AND,<Bem1GTPCdc42Cdc24GTPRsr1_re221>#Bem1@1=Bem1@1#Cdc24@2=Cdc24@1#GTP@3=GTP@1#Rsr1@4=Rsr1@2#Cdc42@5=Cdc42@1#GTP@6=GTP@2
353,<Cln1_re210>,AND,Cln1@1
354,<Cln2_re178>,AND,Cln2@1
355,<Cyc8Tup1>,AND,Cyc8@1--Tup1@2,,,
356,<Cyc8Tup1Sfl1>,AND,<Cyc8Tup1>#Cyc8@1=Cyc8@1#Tup1@2=Tup1@2,,,
357,<Cyc8Tup1Sfl1>,AND,<Sfl1-Dimer>#Sfl1@3=Sfl1@1#Sfl1@4=Sfl1@2,,,
358,<Cyc8Tup1Sfl1>,AND,Cyc8@1--Sfl1@3,,,
359,<Cyc8Tup1Sfl1_re134>,2AND,Sfl1@4_[(rs1)]-{0}
360,<Cyc8Tup1Sfl1_re134>,AND,<Cyc8Tup1Sfl1>#Cyc8@1=Cyc8@1#Tup1@2=Tup1@2#Sfl1@3=Sfl1@2
361,<Cyc8Tup1Sfl1_re135>,2AND,Sfl1@3_[(rs1)]-{P}
362,<Cyc8Tup1Sfl1_re135>,AND,<Cyc8Tup1Sfl1>#Cyc8@1=Cyc8@1#Tup1@2=Tup1@2#Sfl1@3=Sfl1@2
363,<Cyc8Tup1_re133>,AND,<Cyc8Tup1>#Cyc8@1=Cyc8@1#Tup1@2=Tup1@2
364,<Cyc8ppiminusSfl1>,AND,<Cyc8Tup1Sfl1_re135>#Cyc8@1=Cyc8@1#Tup1@2=Tup1@2#Sfl1@3=Sfl1@2
365,<Cyc8ppiminusSfl1>,AND,<Cyc8ppiminusSfl1_re135>#Cyc8@1=Cyc8@1#Tup1@2=Tup1@2#Sfl1@3=Sfl1@2
366,<Cyc8ppiminusSfl1_re135>,AND,<Cyc8Tup1Sfl1_re135>#Cyc8@1=Cyc8@1#Tup1@2=Tup1@2#Sfl1@3=Sfl1@2
367,<Cyc8ppiplusSfl1>,AND,<Cyc8ppiplusSfl1_re133>#Sfl1@1=Sfl1@1#Cyc8@1=Cyc8@1#Tup1@2=Tup1@2
368,<Cyc8ppiplusSfl1_re133>,AND,<Cyc8Tup1_re133>#Cyc8@1=Cyc8@1#Tup1@2=Tup1@2
369,<Cyc8ppiplusSfl1_re133>,AND,<Sfl1_re133>#Sfl1@1=Sfl1@1#Cyc8@1=Cyc8@1#Tup1@2=Tup1@2
370,<Dia2ScfComplex>,AND,<ScfComplex>#Cdc34@2=Cdc34@1#Cdc53@3=Cdc53@2#Hrt1@4=Hrt1@3#Skp1@5=Skp1@4,,,
371,<Dia2ScfComplex>,AND,Dia2@1--Skp1@5,,,
372,<Dia2_re183>,AND,Dia2@1
373,<Dia2ppiplusSkp1>,AND,<Dia2ppiplusSkp1_re183>#Cdc34@1=Cdc34@1#Cdc53@2=Cdc53@2#Hrt1@3=Hrt1@3#Skp1@4=Skp1@4#Dia2@1=Dia2@2
374,<Dia2ppiplusSkp1_re183>,AND,<Dia2_re183>#Cdc34@1=Cdc34@1#Cdc53@2=Cdc53@2#Hrt1@3=Hrt1@3#Skp1@4=Skp1@4#Dia2@1=Dia2@2
375,<Dia2ppiplusSkp1_re183>,AND,<ScfComplex>#Cdc34@1=Cdc34@1#Cdc53@2=Cdc53@2#Hrt1@3=Hrt1@3#Skp1@4=Skp1@4
376,<Dia2ppiplusSkp1_re183>,AND,<ScfComplex_re183>#Cdc34@1=Cdc34@1#Cdc53@2=Cdc53@2#Hrt1@3=Hrt1@3#Skp1@4=Skp1@4
377,<Dig1Dig2Ste12>,AND,<Ste12-Dimer>#Ste12@3=Ste12@1#Ste12@4=Ste12@2,,,
378,<Dig1Dig2Ste12>,AND,Dig1@1--Ste12@3,,,
379,<Dig1Dig2Ste12>,AND,Dig2@2--Ste12@4,,,
380,<Dig1Dig2Ste12_re111_0>,2AND,Dig1@1_[(rs1)]-{0}
381,<Dig1Dig2Ste12_re111_0>,2AND,Dig2@2_[(rs1)]-{0}
382,<Dig1Dig2Ste12_re111_0>,2AND,Ste12@4_[(rs1)]-{0}
383,<Dig1Dig2Ste12_re111_0>,AND,<Dig1Dig2Ste12>#Dig1@1=Dig1@1#Dig2@2=Dig2@2#Ste12@3=Ste12@3
384,<Dig1Dig2Ste12_re111_1>,2AND,Dig1@1_[(rs1)]-{0}
385,<Dig1Dig2Ste12_re111_1>,2AND,Dig2@2_[(rs1)]-{0}
386,<Dig1Dig2Ste12_re111_1>,2AND,Ste12@4_[(rs1)]-{0}
387,<Dig1Dig2Ste12_re111_1>,AND,<Dig1Dig2Ste12>#Dig1@1=Dig1@1#Dig2@2=Dig2@2#Ste12@3=Ste12@3
388,<Dig1Dig2Ste12_re44>,2AND,Dig1@1_[(rs1)]-{P}
389,<Dig1Dig2Ste12_re44>,2AND,Dig2@2_[(rs1)]-{P}
390,<Dig1Dig2Ste12_re44>,2AND,Ste12@4_[(rs1)]-{P}
391,<Dig1Dig2Ste12_re44>,AND,<Dig1Dig2Ste12>#Dig1@1=Dig1@1#Dig2@2=Dig2@2#Ste12@3=Ste12@3
392,<Dig1Ste12Tec1>,AND,<Ste12-Dimer>#Ste12@2=Ste12@1#Ste12@3=Ste12@2,,,
393,<Dig1Ste12Tec1>,AND,Dig1@1--Ste12@2,,,
394,<Dig1Ste12Tec1>,AND,Ste12@3--Tec1@4,,,
395,<Dig1Ste12Tec1_re128>,2AND,Dig1@1_[(rs1)]-{0}
396,<Dig1Ste12Tec1_re128>,2AND,Ste12@3_[(rs1)]-{0}
397,<Dig1Ste12Tec1_re128>,2AND,Tec1@4_[(T273)]-{0}
398,<Dig1Ste12Tec1_re128>,2AND,Tec1@4_[(rs2)]-{0}
399,<Dig1Ste12Tec1_re128>,AND,<Dig1Ste12Tec1>#Dig1@1=Dig1@1#Ste12@2=Ste12@2#Tec1@4=Tec1@3
400,<Dig1Ste12Tec1_re129>,2AND,Dig1@1_[(rs1)]-{P}
401,<Dig1Ste12Tec1_re129>,2AND,Ste12@3_[(rs1)]-{P}
402,<Dig1Ste12Tec1_re129>,2AND,Tec1@4_[(T273)]-{0}
403,<Dig1Ste12Tec1_re129>,2AND,Tec1@4_[(rs2)]-{0}
404,<Dig1Ste12Tec1_re129>,AND,<Dig1Ste12Tec1>#Dig1@1=Dig1@1#Ste12@2=Ste12@2#Tec1@4=Tec1@3
405,<Dig1_re127>,2AND,Dig1@1_[(rs1)]-{0}
406,<Dig1_re127>,AND,Dig1@1
407,<Dig1_re41>,2AND,Dig1@1_[(rs1)]-{0}
408,<Dig1_re41>,AND,Dig1@1
409,<Dig1ppiminusSte12>,AND,<Dig1Dig2Ste12_re44>#Dig1@1=Dig1@1#Dig2@2=Dig2@2#Ste12@3=Ste12@3
410,<Dig1ppiminusSte12>,AND,<Dig1Ste12Tec1_re129>#Dig1@1=Dig1@1#Ste12@2=Ste12@2#Tec1@4=Tec1@3
411,<Dig1ppiminusSte12>,AND,<Dig1ppiminusSte12_re129>#Dig1@1=Dig1@1#Ste12@2=Ste12@2#Tec1@4=Tec1@3
412,<Dig1ppiminusSte12>,AND,<Dig1ppiminusSte12_re44>#Dig1@1=Dig1@1#Dig2@2=Dig2@2#Ste12@3=Ste12@3
413,<Dig1ppiminusSte12_re129>,AND,<Dig1Ste12Tec1_re129>#Dig1@1=Dig1@1#Ste12@2=Ste12@2#Tec1@4=Tec1@3
414,<Dig1ppiminusSte12_re44>,AND,<Dig1Dig2Ste12_re44>#Dig1@1=Dig1@1#Dig2@2=Dig2@2#Ste12@3=Ste12@3
415,<Dig1ppiplusSte12>,AND,<Dig1ppiplusSte12_re127>#Dig1@1=Dig1@2#Ste12@1=Ste12@1#Tec1@3=Tec1@2
416,<Dig1ppiplusSte12>,AND,<Dig1ppiplusSte12_re41>#Ste12@1=Ste12@1#Dig1@1=Dig1@2#Dig2@1=Dig2@3
417,<Dig1ppiplusSte12_re127>,AND,<Dig1_re127>#Dig1@1=Dig1@2#Ste12@1=Ste12@1#Tec1@3=Tec1@2
418,<Dig1ppiplusSte12_re127>,AND,<Ste12Tec1_re127>#Ste12@1=Ste12@1#Tec1@3=Tec1@2
419,<Dig1ppiplusSte12_re41>,AND,<Dig1_re41>#Ste12@1=Ste12@1#Dig1@1=Dig1@2#Dig2@1=Dig2@3
420,<Dig1ppiplusSte12_re41>,AND,<Dig2_re41>#Ste12@1=Ste12@1#Dig1@1=Dig1@2#Dig2@1=Dig2@3
421,<Dig1ppiplusSte12_re41>,AND,<Ste12_re41>#Ste12@1=Ste12@1#Dig1@1=Dig1@2#Dig2@1=Dig2@3
422,<Dig2_re41>,2AND,Dig2@1_[(rs1)]-{0}
423,<Dig2_re41>,AND,Dig2@1
424,<Dig2ppiminusSte12>,AND,<Dig1Dig2Ste12_re44>#Dig1@1=Dig1@1#Dig2@2=Dig2@2#Ste12@3=Ste12@3
425,<Dig2ppiminusSte12>,AND,<Dig2ppiminusSte12_re44>#Dig1@1=Dig1@1#Dig2@2=Dig2@2#Ste12@3=Ste12@3
426,<Dig2ppiminusSte12_re44>,AND,<Dig1Dig2Ste12_re44>#Dig1@1=Dig1@1#Dig2@2=Dig2@2#Ste12@3=Ste12@3
427,<Dig2ppiplusSte12>,AND,<Dig2ppiplusSte12_re41>#Ste12@1=Ste12@1#Dig1@1=Dig1@2#Dig2@1=Dig2@3
428,<Dig2ppiplusSte12_re41>,AND,<Dig1_re41>#Ste12@1=Ste12@1#Dig1@1=Dig1@2#Dig2@1=Dig2@3
429,<Dig2ppiplusSte12_re41>,AND,<Dig2_re41>#Ste12@1=Ste12@1#Dig1@1=Dig1@2#Dig2@1=Dig2@3
430,<Dig2ppiplusSte12_re41>,AND,<Ste12_re41>#Ste12@1=Ste12@1#Dig1@1=Dig1@2#Dig2@1=Dig2@3
431,<Far1_re176>,2AND,Far1@1_[(S87)]-{P}
432,<Far1_re176>,2AND,Far1@1_[(T306)]-{P}
433,<Far1_re176>,2AND,Far1@1_[(rs5)]-{Ub}
434,<Far1_re213>,2AND,Far1@1_[(T306)]-{P}
435,<Far1_re213>,AND,Far1@1
436,<Far1_re66>,2AND,Far1@1_[(T306)]-{P}
437,<Far1_re66>,AND,Far1@1
438,<Far1_re68>,2AND,Far1@1_[(T306)]-{P}
439,<Far1_re68>,AND,Far1@1
440,<Far1ppiplusSte4>,AND,<Far1ppiplusSte4_re78>#Ste18@1=Ste18@1#Ste4@2=Ste4@2#Cdc24@1=Cdc24@1#Far1@2=Far1@2
441,<Far1ppiplusSte4_re78>,AND,<Cdc24Far1_re78>#Cdc24@1=Cdc24@1#Far1@2=Far1@2
442,<Far1ppiplusSte4_re78>,AND,<Ste4Ste18_re78>#Ste18@1=Ste18@1#Ste4@2=Ste4@2
443,<Fus3PplusDig1(rs1)>,AND,<Dig1Dig2Ste12_re111_0>#Dig1@1=Dig1@1#Dig2@2=Dig2@2#Ste12@3=Ste12@3
444,<Fus3PplusDig1_re111_0>,AND,<Dig1Dig2Ste12_re111_0>#Dig1@1=Dig1@1#Dig2@2=Dig2@2#Ste12@3=Ste12@3
445,<Fus3PplusDig2(rs1)>,AND,<Dig1Dig2Ste12_re111_0>#Dig1@1=Dig1@1#Dig2@2=Dig2@2#Ste12@3=Ste12@3
446,<Fus3PplusDig2_re111_0>,AND,<Dig1Dig2Ste12_re111_0>#Dig1@1=Dig1@1#Dig2@2=Dig2@2#Ste12@3=Ste12@3
447,<Fus3PplusSst2(S539)>,AND,<Fus3PplusSst2_re168>
448,<Fus3PplusSst2_re168>,AND,<Mpt5Sst2>#Mpt5@1=Mpt5@1#Sst2@2=Sst2@2
449,<Fus3PplusSst2_re168>,AND,<Mpt5Sst2_re168>#Mpt5@1=Mpt5@1#Sst2@2=Sst2@2
450,<Fus3PplusSst2_re168>,AND,Mpt5@1--Sst2@2
451,<Fus3PplusSte12(rs1)>,AND,<Dig1Dig2Ste12_re111_0>#Dig1@1=Dig1@1#Dig2@2=Dig2@2#Ste12@3=Ste12@3
452,<Fus3PplusSte12_re111_0>,AND,<Dig1Dig2Ste12_re111_0>#Dig1@1=Dig1@1#Dig2@2=Dig2@2#Ste12@3=Ste12@3
453,<Fus3PplusSte3(rs1)>,AND,<Fus3PplusSte3_re148>
454,<Fus3PplusSte3_re148>,AND,<AFactorSte3_re148>#Mfa12@1=Mfa12@1#Ste3@2=Ste3@2
455,<Fus3PplusSte3_re148>,AND,Mfa12@1--Ste3@2
456,<Fus3PplusSte4(S335)>,AND,<Fus3PplusSte4_re77>
457,<Fus3PplusSte4(T320)>,AND,<Fus3PplusSte4_re77>
458,<Fus3PplusSte4(T322)>,AND,<Fus3PplusSte4_re77>
459,<Fus3PplusSte4_re77>,AND,<GDPGpa1Ste4Ste18_re77>#GDP@1=GDP@1#Gpa1@2=Gpa1@2#Ste18@3=Ste18@1#Ste4@4=Ste4@2
460,<Fus3PplusTec1(T273)>,AND,<Tec1_re145>
461,<Fus3PplusTec1_re145>,AND,<Tec1_re145>
462,<Fus3_re104_0>,2AND,Fus3@1_[(Y182)]-{P}
463,<Fus3_re104_1>,2AND,Fus3@1_[(Y182)]-{P}
464,<Fus3_re177_0>,2AND,Fus3@1_[(Y182)]-{P}
465,<Fus3_re177_1>,2AND,Fus3@1_[(Y182)]-{P}
466,<Fus3_re187>,2AND,Fus3@1_[(T180)]-{0}
467,<Fus3_re187>,2AND,Fus3@1_[(Y182)]-{0}
468,<Fus3_re269>,2AND,Fus3@1_[(T180)]-{0}
469,<Fus3_re269>,2AND,Fus3@1_[(Y182)]-{0}
470,<Fus3_re30>,2AND,Fus3@1_[(T180)]-{0}
471,<Fus3_re30>,2AND,Fus3@1_[(Y182)]-{0}
472,<Fus3_re30>,AND,Fus3@1
473,<Fus3_re42>,2AND,Fus3@1_[(T180)]-{P}
474,<Fus3_re42>,2AND,Fus3@1_[(Y182)]-{P}
475,<Fus3ppiminusSte5>,AND,<Fus3ppiminusSte5_re91>#Fus3@1=Fus3@1#Ste5@2=Ste5@2#Ste11@4=Ste11@1#Ste50@6=Ste50@3#Ste7@7=Ste7@4
476,<Fus3ppiminusSte5>,AND,<Ste5Ste50Ste11Ste7Fus3_re91>#Fus3@1=Fus3@1#Ste5@2=Ste5@2#Ste11@4=Ste11@1#Ste50@6=Ste50@3#Ste7@7=Ste7@4
477,<Fus3ppiminusSte5_re91>,AND,<Ste5Ste50Ste11Ste7Fus3_re91>#Fus3@1=Fus3@1#Ste5@2=Ste5@2#Ste11@4=Ste11@1#Ste50@6=Ste50@3#Ste7@7=Ste7@4
478,<Fus3ppiplusSte5>,AND,<Fus3ppiplusSte5_re30>#Ste5@1=Ste5@1#Ste11@1=Ste11@1#Ste50@3=Ste50@2#Ste7@1=Ste7@3#Fus3@1=Fus3@4
479,<Fus3ppiplusSte5_re30>,AND,<Fus3_re30>#Ste5@1=Ste5@1#Ste11@1=Ste11@1#Ste50@3=Ste50@2#Ste7@1=Ste7@3#Fus3@1=Fus3@4
480,<Fus3ppiplusSte5_re30>,AND,<Ste50Ste11_re30>#Ste11@1=Ste11@1#Ste50@3=Ste50@2
481,<Fus3ppiplusSte5_re30>,AND,<Ste5_re30>#Ste5@1=Ste5@1#Ste11@1=Ste11@1#Ste50@3=Ste50@2#Ste7@1=Ste7@3#Fus3@1=Fus3@4
482,<Fus3ppiplusSte5_re30>,AND,<Ste7_re30>#Ste5@1=Ste5@1#Ste11@1=Ste11@1#Ste50@3=Ste50@2#Ste7@1=Ste7@3#Fus3@1=Fus3@4
483,<GDPCdc42>,AND,Cdc42@1--GDP@2,,,
484,<GDPCdc42_re76>,AND,<GDPCdc42>#Cdc42@1=Cdc42@1#GDP@2=GDP@2
485,<GDPGpa1>,AND,GDP@1--Gpa1@2,,,
486,<GDPGpa1Ste4Ste18>,AND,<Ste4Ste18>#Ste18@3=Ste18@1#Ste4@4=Ste4@2,,,
487,<GDPGpa1Ste4Ste18>,AND,Gpa1@2--GDP@1,,,
488,<GDPGpa1Ste4Ste18>,AND,Gpa1@2--Ste4@4,,,
489,<GDPGpa1Ste4Ste18_re274_0>,2AND,Ste18@3_[(rs1)]-{pre}
490,<GDPGpa1Ste4Ste18_re274_0>,2AND,Ste18@3_[(rs2)]-{palm}
491,<GDPGpa1Ste4Ste18_re274_0>,2AND,Ste4@4_[(S335)]-{P}
492,<GDPGpa1Ste4Ste18_re274_0>,2AND,Ste4@4_[(T320)]-{P}
493,<GDPGpa1Ste4Ste18_re274_0>,2AND,Ste4@4_[(T322)]-{P}
494,<GDPGpa1Ste4Ste18_re274_0>,AND,<GDPGpa1Ste4Ste18>#GDP@1=GDP@1#Gpa1@2=Gpa1@2#Ste18@3=Ste18@1#Ste4@4=Ste4@2
495,<GDPGpa1Ste4Ste18_re274_1>,2AND,Ste18@3_[(rs1)]-{pre}
496,<GDPGpa1Ste4Ste18_re274_1>,2AND,Ste18@3_[(rs2)]-{palm}
497,<GDPGpa1Ste4Ste18_re274_1>,2AND,Ste4@4_[(S335)]-{P}
498,<GDPGpa1Ste4Ste18_re274_1>,2AND,Ste4@4_[(T320)]-{P}
499,<GDPGpa1Ste4Ste18_re274_1>,2AND,Ste4@4_[(T322)]-{P}
500,<GDPGpa1Ste4Ste18_re274_1>,AND,<GDPGpa1Ste4Ste18>#GDP@1=GDP@1#Gpa1@2=Gpa1@2#Ste18@3=Ste18@1#Ste4@4=Ste4@2
501,<GDPGpa1Ste4Ste18_re77>,2AND,Ste18@3_[(rs1)]-{pre}
502,<GDPGpa1Ste4Ste18_re77>,2AND,Ste18@3_[(rs2)]-{palm}
503,<GDPGpa1Ste4Ste18_re77>,2AND,Ste4@4_[(S335)]-{0}
504,<GDPGpa1Ste4Ste18_re77>,2AND,Ste4@4_[(T320)]-{0}
505,<GDPGpa1Ste4Ste18_re77>,2AND,Ste4@4_[(T322)]-{0}
506,<GDPGpa1Ste4Ste18_re77>,AND,<GDPGpa1Ste4Ste18>#GDP@1=GDP@1#Gpa1@2=Gpa1@2#Ste18@3=Ste18@1#Ste4@4=Ste4@2
507,<GDPGpa1_re14>,AND,<GDPGpa1>#GDP@1=GDP@1#Gpa1@2=Gpa1@2
508,<GDPRsr1>,AND,Rsr1@2--GDP@1,,,
509,<GDPRsr1_re218>,2AND,Rsr1@2_[(rs1)]-{pre}
510,<GDPRsr1_re218>,AND,<GDPRsr1>#GDP@1=GDP@1#Rsr1@2=Rsr1@2
511,<GDP_re250>,AND,GDP@1
512,<GDPiminusCdc42>,AND,<Bem1GDPCdc42Cdc24Far1Ste4Ste18_re209>#Bem1@1=Bem1@1#Cdc42@2=Cdc42@1#GDP@3=GDP@2#Cdc24@4=Cdc24@1#Far1@5=Far1@2#Ste18@6=Ste18@1#Ste4@7=Ste4@2
513,<GDPiminusCdc42>,AND,<Bem1GDPCdc42Cdc24GTPRsr1_re222>#Bem1@1=Bem1@1#Cdc24@2=Cdc24@1#GDP@3=GDP@1#Rsr1@4=Rsr1@2#Cdc42@5=Cdc42@1#GDP@6=GDP@2
514,<GDPiminusCdc42>,AND,<GDPiminusCdc42_re209>#Bem1@1=Bem1@1#Cdc42@2=Cdc42@1#GDP@3=GDP@2#Cdc24@4=Cdc24@1#Far1@5=Far1@2#Ste18@6=Ste18@1#Ste4@7=Ste4@2
515,<GDPiminusCdc42>,AND,<GDPiminusCdc42_re222>#Bem1@1=Bem1@1#Cdc24@2=Cdc24@1#GDP@3=GDP@1#Rsr1@4=Rsr1@2#Cdc42@5=Cdc42@1#GDP@6=GDP@2
516,<GDPiminusCdc42_re209>,AND,<Bem1GDPCdc42Cdc24Far1Ste4Ste18_re209>#Bem1@1=Bem1@1#Cdc42@2=Cdc42@1#GDP@3=GDP@2#Cdc24@4=Cdc24@1#Far1@5=Far1@2#Ste18@6=Ste18@1#Ste4@7=Ste4@2
517,<GDPiminusCdc42_re222>,AND,<Bem1GDPCdc42Cdc24GTPRsr1_re222>#Bem1@1=Bem1@1#Cdc24@2=Cdc24@1#GDP@3=GDP@1#Rsr1@4=Rsr1@2#Cdc42@5=Cdc42@1#GDP@6=GDP@2
518,<GDPiminusGpa1>,AND,<GDPiminusGpa1_re274_0>#GDP@1=GDP@1#Gpa1@2=Gpa1@2#Ste18@3=Ste18@1#Ste4@4=Ste4@2#GTP@1=GTP@2
519,<GDPiminusGpa1>,AND,<GDPiminusGpa1_re274_1>#GDP@1=GDP@1#Gpa1@2=Gpa1@2#Ste18@3=Ste18@1#Ste4@4=Ste4@2#GTP@1=GTP@2
520,<GDPiminusGpa1_re274_0>,AND,<GDPGpa1Ste4Ste18_re274_0>#GDP@1=GDP@1#Gpa1@2=Gpa1@2#Ste18@3=Ste18@1#Ste4@4=Ste4@2
521,<GDPiminusGpa1_re274_0>,AND,<GTP_re274_0>#GDP@1=GDP@1#Gpa1@2=Gpa1@2#Ste18@3=Ste18@1#Ste4@4=Ste4@2#GTP@1=GTP@2
522,<GDPiminusGpa1_re274_1>,AND,<GDPGpa1Ste4Ste18_re274_1>#GDP@1=GDP@1#Gpa1@2=Gpa1@2#Ste18@3=Ste18@1#Ste4@4=Ste4@2
523,<GDPiminusGpa1_re274_1>,AND,<GTP_re274_1>#GDP@1=GDP@1#Gpa1@2=Gpa1@2#Ste18@3=Ste18@1#Ste4@4=Ste4@2#GTP@1=GTP@2
524,<GDPiminusRsr1>,AND,<Bem1GDPCdc42Cdc24GTPRsr1_re222>#Bem1@1=Bem1@1#Cdc24@2=Cdc24@1#GDP@3=GDP@1#Rsr1@4=Rsr1@2#Cdc42@5=Cdc42@1#GDP@6=GDP@2
525,<GDPiminusRsr1>,AND,<Bem1GTPCdc42Cdc24GTPRsr1_re102>#Bem1@1=Bem1@1#Cdc24@2=Cdc24@1#GTP@3=GTP@1#Rsr1@4=Rsr1@2#Cdc42@5=Cdc42@1#GTP@6=GTP@2
526,<GDPiminusRsr1>,AND,<GDPiminusRsr1_re102>#Bem1@1=Bem1@1#Cdc24@2=Cdc24@1#GTP@3=GTP@1#Rsr1@4=Rsr1@2#Cdc42@5=Cdc42@1#GTP@6=GTP@2
527,<GDPiminusRsr1>,AND,<GDPiminusRsr1_re218>#GDP@1=GDP@1#Rsr1@2=Rsr1@2#GTP@1=GTP@2
528,<GDPiminusRsr1>,AND,<GDPiminusRsr1_re222>#Bem1@1=Bem1@1#Cdc24@2=Cdc24@1#GDP@3=GDP@1#Rsr1@4=Rsr1@2#Cdc42@5=Cdc42@1#GDP@6=GDP@2
529,<GDPiminusRsr1_re102>,AND,<Bem1GTPCdc42Cdc24GTPRsr1_re102>#Bem1@1=Bem1@1#Cdc24@2=Cdc24@1#GTP@3=GTP@1#Rsr1@4=Rsr1@2#Cdc42@5=Cdc42@1#GTP@6=GTP@2
530,<GDPiminusRsr1_re218>,AND,<GDPRsr1_re218>#GDP@1=GDP@1#Rsr1@2=Rsr1@2
531,<GDPiminusRsr1_re218>,AND,<GTP_re218>#GDP@1=GDP@1#Rsr1@2=Rsr1@2#GTP@1=GTP@2
532,<GDPiminusRsr1_re222>,AND,<Bem1GDPCdc42Cdc24GTPRsr1_re222>#Bem1@1=Bem1@1#Cdc24@2=Cdc24@1#GDP@3=GDP@1#Rsr1@4=Rsr1@2#Cdc42@5=Cdc42@1#GDP@6=GDP@2
533,<GTPCdc42>,AND,Cdc42@1--GTP@2,,,
534,<GTPCdc42_re207_0>,AND,<GTPCdc42>#Cdc42@1=Cdc42@1#GTP@2=GTP@2
535,<GTPCdc42_re207_1>,AND,<GTPCdc42>#Cdc42@1=Cdc42@1#GTP@2=GTP@2
536,<GTPCdc42_re207_2>,AND,<GTPCdc42>#Cdc42@1=Cdc42@1#GTP@2=GTP@2
537,<GTPGpa1>,AND,Gpa1@2--GTP@1,,,
538,<GTPGpa1Ste4Ste18>,AND,<Ste4Ste18>#Ste18@3=Ste18@1#Ste4@4=Ste4@2,,,
539,<GTPGpa1Ste4Ste18>,AND,Gpa1@2--GTP@1,,,
540,<GTPGpa1Ste4Ste18>,AND,Gpa1@2--Ste4@4,,,
541,<GTPGpa1Ste4Ste18_re12>,2AND,Ste18@3_[(rs1)]-{pre}
542,<GTPGpa1Ste4Ste18_re12>,2AND,Ste18@3_[(rs2)]-{palm}
543,<GTPGpa1Ste4Ste18_re12>,2AND,Ste4@4_[(S335)]-{P}
544,<GTPGpa1Ste4Ste18_re12>,2AND,Ste4@4_[(T320)]-{P}
545,<GTPGpa1Ste4Ste18_re12>,2AND,Ste4@4_[(T322)]-{P}
546,<GTPGpa1Ste4Ste18_re12>,AND,<GTPGpa1Ste4Ste18>#GTP@1=GTP@1#Gpa1@2=Gpa1@2#Ste18@3=Ste18@1#Ste4@4=Ste4@2
547,<GTPGpa1_re13>,AND,<GTPGpa1>#GTP@1=GTP@1#Gpa1@2=Gpa1@2
548,<GTPRsr1>,AND,GTP@1--Rsr1@2,,,
549,<GTPRsr1_re219>,2AND,Rsr1@2_[(rs1)]-{pre}
550,<GTPRsr1_re219>,AND,<GTPRsr1>#GTP@1=GTP@1#Rsr1@2=Rsr1@2
551,<GTPRsr1_re99>,2AND,Rsr1@2_[(rs1)]-{pre}
552,<GTPRsr1_re99>,AND,<GTPRsr1>#GTP@1=GTP@1#Rsr1@2=Rsr1@2
553,<GTP_re218>,AND,GTP@1
554,<GTP_re274_0>,AND,GTP@1
555,<GTP_re274_1>,AND,GTP@1
556,<GTPiminusCdc42>,AND,<Bem1GTPCdc42Cdc24GTPRsr1_re271>#Bem1@1=Bem1@1#Cdc24@2=Cdc24@1#GTP@3=GTP@1#Rsr1@4=Rsr1@2#Cdc42@5=Cdc42@1#GTP@6=GTP@2
557,<GTPiminusCdc42>,AND,<GTPCdc42_re207_0>#Cdc42@1=Cdc42@1#GTP@2=GTP@2
558,<GTPiminusCdc42>,AND,<GTPCdc42_re207_1>#Cdc42@1=Cdc42@1#GTP@2=GTP@2
559,<GTPiminusCdc42>,AND,<GTPCdc42_re207_2>#Cdc42@1=Cdc42@1#GTP@2=GTP@2
560,<GTPiminusCdc42>,AND,<GTPiminusCdc42_re207_0>#Cdc42@1=Cdc42@1#GTP@2=GTP@2
561,<GTPiminusCdc42>,AND,<GTPiminusCdc42_re207_1>#Cdc42@1=Cdc42@1#GTP@2=GTP@2
562,<GTPiminusCdc42>,AND,<GTPiminusCdc42_re207_2>#Cdc42@1=Cdc42@1#GTP@2=GTP@2
563,<GTPiminusCdc42>,AND,<GTPiminusCdc42_re271>#Bem1@1=Bem1@1#Cdc24@2=Cdc24@1#GTP@3=GTP@1#Rsr1@4=Rsr1@2#Cdc42@5=Cdc42@1#GTP@6=GTP@2
564,<GTPiminusCdc42_re207_0>,AND,<GTPCdc42_re207_0>#Cdc42@1=Cdc42@1#GTP@2=GTP@2
565,<GTPiminusCdc42_re207_1>,AND,<GTPCdc42_re207_1>#Cdc42@1=Cdc42@1#GTP@2=GTP@2
566,<GTPiminusCdc42_re207_2>,AND,<GTPCdc42_re207_2>#Cdc42@1=Cdc42@1#GTP@2=GTP@2
567,<GTPiminusCdc42_re271>,AND,<Bem1GTPCdc42Cdc24GTPRsr1_re271>#Bem1@1=Bem1@1#Cdc24@2=Cdc24@1#GTP@3=GTP@1#Rsr1@4=Rsr1@2#Cdc42@5=Cdc42@1#GTP@6=GTP@2
568,<GTPiminusGpa1>,AND,<GTPGpa1_re13>#GTP@1=GTP@1#Gpa1@2=Gpa1@2
569,<GTPiminusGpa1>,AND,<GTPiminusGpa1_re13>#GTP@1=GTP@1#Gpa1@2=Gpa1@2
570,<GTPiminusGpa1_re13>,AND,<GTPGpa1_re13>#GTP@1=GTP@1#Gpa1@2=Gpa1@2
571,<GTPiminusRsr1>,AND,<Bem1GTPCdc42Cdc24GTPRsr1_re271>#Bem1@1=Bem1@1#Cdc24@2=Cdc24@1#GTP@3=GTP@1#Rsr1@4=Rsr1@2#Cdc42@5=Cdc42@1#GTP@6=GTP@2
572,<GTPiminusRsr1>,AND,<GTPRsr1_re219>#GTP@1=GTP@1#Rsr1@2=Rsr1@2
573,<GTPiminusRsr1>,AND,<GTPiminusRsr1_re219>#GTP@1=GTP@1#Rsr1@2=Rsr1@2
574,<GTPiminusRsr1>,AND,<GTPiminusRsr1_re271>#Bem1@1=Bem1@1#Cdc24@2=Cdc24@1#GTP@3=GTP@1#Rsr1@4=Rsr1@2#Cdc42@5=Cdc42@1#GTP@6=GTP@2
575,<GTPiminusRsr1_re219>,AND,<GTPRsr1_re219>#GTP@1=GTP@1#Rsr1@2=Rsr1@2
576,<GTPiminusRsr1_re271>,AND,<Bem1GTPCdc42Cdc24GTPRsr1_re271>#Bem1@1=Bem1@1#Cdc24@2=Cdc24@1#GTP@3=GTP@1#Rsr1@4=Rsr1@2#Cdc42@5=Cdc42@1#GTP@6=GTP@2
577,<Gpa1_re250>,AND,Gpa1@1
578,<Gpa1iplusGDP>,AND,<GTPGpa1_re13>#GTP@1=GTP@1#Gpa1@2=Gpa1@2
579,<Gpa1iplusGDP>,AND,<Gpa1iplusGDP_re13>#GTP@1=GTP@1#Gpa1@2=Gpa1@2
580,<Gpa1iplusGDP>,AND,<Gpa1iplusGDP_re250>#Gpa1@1=Gpa1@1#GDP@1=GDP@2
581,<Gpa1iplusGDP_re13>,AND,<GTPGpa1_re13>#GTP@1=GTP@1#Gpa1@2=Gpa1@2
582,<Gpa1iplusGDP_re250>,AND,<GDP_re250>#Gpa1@1=Gpa1@1#GDP@1=GDP@2
583,<Gpa1iplusGDP_re250>,AND,<Gpa1_re250>#Gpa1@1=Gpa1@1#GDP@1=GDP@2
584,<Gpa1iplusGTP>,AND,<Gpa1iplusGTP_re274_0>#GDP@1=GDP@1#Gpa1@2=Gpa1@2#Ste18@3=Ste18@1#Ste4@4=Ste4@2#GTP@1=GTP@2
585,<Gpa1iplusGTP>,AND,<Gpa1iplusGTP_re274_1>#GDP@1=GDP@1#Gpa1@2=Gpa1@2#Ste18@3=Ste18@1#Ste4@4=Ste4@2#GTP@1=GTP@2
586,<Gpa1iplusGTP_re274_0>,AND,<GDPGpa1Ste4Ste18_re274_0>#GDP@1=GDP@1#Gpa1@2=Gpa1@2#Ste18@3=Ste18@1#Ste4@4=Ste4@2
587,<Gpa1iplusGTP_re274_0>,AND,<GTP_re274_0>#GDP@1=GDP@1#Gpa1@2=Gpa1@2#Ste18@3=Ste18@1#Ste4@4=Ste4@2#GTP@1=GTP@2
588,<Gpa1iplusGTP_re274_1>,AND,<GDPGpa1Ste4Ste18_re274_1>#GDP@1=GDP@1#Gpa1@2=Gpa1@2#Ste18@3=Ste18@1#Ste4@4=Ste4@2
589,<Gpa1iplusGTP_re274_1>,AND,<GTP_re274_1>#GDP@1=GDP@1#Gpa1@2=Gpa1@2#Ste18@3=Ste18@1#Ste4@4=Ste4@2#GTP@1=GTP@2
590,<Gpa1ppiminusSte4>,AND,<GTPGpa1Ste4Ste18_re12>#GTP@1=GTP@1#Gpa1@2=Gpa1@2#Ste18@3=Ste18@1#Ste4@4=Ste4@2
591,<Gpa1ppiminusSte4>,AND,<Gpa1ppiminusSte4_re12>#GTP@1=GTP@1#Gpa1@2=Gpa1@2#Ste18@3=Ste18@1#Ste4@4=Ste4@2
592,<Gpa1ppiminusSte4_re12>,AND,<GTPGpa1Ste4Ste18_re12>#GTP@1=GTP@1#Gpa1@2=Gpa1@2#Ste18@3=Ste18@1#Ste4@4=Ste4@2
593,<Gpa1ppiplusSte4>,AND,<Gpa1ppiplusSte4_re14>#GDP@1=GDP@1#Gpa1@2=Gpa1@2#Ste18@1=Ste18@1#Ste4@2=Ste4@2
594,<Gpa1ppiplusSte4_re14>,AND,<GDPGpa1_re14>#GDP@1=GDP@1#Gpa1@2=Gpa1@2
595,<Gpa1ppiplusSte4_re14>,AND,<Ste4Ste18_re14>#Ste18@1=Ste18@1#Ste4@2=Ste4@2
596,<Kss1PplusDig1(rs1)>,OR,<Dig1Dig2Ste12_re111_1>#Dig1@1=Dig1@1#Dig2@2=Dig2@2#Ste12@3=Ste12@3
597,<Kss1PplusDig1(rs1)>,OR,<Dig1Ste12Tec1_re128>#Dig1@1=Dig1@1#Ste12@2=Ste12@2#Tec1@4=Tec1@3
598,<Kss1PplusDig1_re111_1>,AND,<Dig1Dig2Ste12_re111_1>#Dig1@1=Dig1@1#Dig2@2=Dig2@2#Ste12@3=Ste12@3
599,<Kss1PplusDig1_re128>,AND,<Dig1Ste12Tec1_re128>#Dig1@1=Dig1@1#Ste12@2=Ste12@2#Tec1@4=Tec1@3
600,<Kss1PplusDig2(rs1)>,AND,<Dig1Dig2Ste12_re111_1>#Dig1@1=Dig1@1#Dig2@2=Dig2@2#Ste12@3=Ste12@3
601,<Kss1PplusDig2_re111_1>,AND,<Dig1Dig2Ste12_re111_1>#Dig1@1=Dig1@1#Dig2@2=Dig2@2#Ste12@3=Ste12@3
602,<Kss1PplusSte12(rs1)>,OR,<Dig1Dig2Ste12_re111_1>#Dig1@1=Dig1@1#Dig2@2=Dig2@2#Ste12@3=Ste12@3
603,<Kss1PplusSte12(rs1)>,OR,<Dig1Ste12Tec1_re128>#Dig1@1=Dig1@1#Ste12@2=Ste12@2#Tec1@4=Tec1@3
604,<Kss1PplusSte12_re111_1>,AND,<Dig1Dig2Ste12_re111_1>#Dig1@1=Dig1@1#Dig2@2=Dig2@2#Ste12@3=Ste12@3
605,<Kss1PplusSte12_re128>,AND,<Dig1Ste12Tec1_re128>#Dig1@1=Dig1@1#Ste12@2=Ste12@2#Tec1@4=Tec1@3
606,<Kss1_re217>,2AND,Kss1@1_[(Y185)]-{P}
607,<Kss1_re46>,2AND,Kss1@1_[(T183)]-{P}
608,<Kss1_re46>,2AND,Kss1@1_[(Y185)]-{P}
609,<Kss1_re92>,2AND,Kss1@1_[(T183)]-{0}
610,<Kss1_re92>,2AND,Kss1@1_[(Y185)]-{0}
611,<Kss1_re92>,AND,Kss1@1
612,<Kss1ppiminusSte5>,AND,<Kss1ppiminusSte5_re97>#Kss1@1=Kss1@1#Ste5@2=Ste5@2#Ste11@4=Ste11@1#Ste50@6=Ste50@3#Ste7@7=Ste7@4
613,<Kss1ppiminusSte5>,AND,<Ste5Ste50Ste11Ste7Kss1_re97>#Kss1@1=Kss1@1#Ste5@2=Ste5@2#Ste11@4=Ste11@1#Ste50@6=Ste50@3#Ste7@7=Ste7@4
614,<Kss1ppiminusSte5_re97>,AND,<Ste5Ste50Ste11Ste7Kss1_re97>#Kss1@1=Kss1@1#Ste5@2=Ste5@2#Ste11@4=Ste11@1#Ste50@6=Ste50@3#Ste7@7=Ste7@4
615,<Kss1ppiplusSte5>,AND,<Kss1ppiplusSte5_re92>#Ste5@1=Ste5@1#Ste11@1=Ste11@1#Ste50@3=Ste50@2#Ste7@1=Ste7@3#Kss1@1=Kss1@4
616,<Kss1ppiplusSte5_re92>,AND,<Kss1_re92>#Ste5@1=Ste5@1#Ste11@1=Ste11@1#Ste50@3=Ste50@2#Ste7@1=Ste7@3#Kss1@1=Kss1@4
617,<Kss1ppiplusSte5_re92>,AND,<Ste50Ste11_re92>#Ste11@1=Ste11@1#Ste50@3=Ste50@2
618,<Kss1ppiplusSte5_re92>,AND,<Ste5_re92>#Ste5@1=Ste5@1#Ste11@1=Ste11@1#Ste50@3=Ste50@2#Ste7@1=Ste7@3#Kss1@1=Kss1@4
619,<Kss1ppiplusSte5_re92>,AND,<Ste7_re92>#Ste5@1=Ste5@1#Ste11@1=Ste11@1#Ste50@3=Ste50@2#Ste7@1=Ste7@3#Kss1@1=Kss1@4
620,<Matalpha1_re227>,AND,Matalpha1@1
621,<Matalpha1ppiplusMcm1>,AND,<Matalpha1ppiplusMcm1_re227>#Mcm1@1=Mcm1@1#Matalpha1@1=Matalpha1@2
622,<Matalpha1ppiplusMcm1_re227>,AND,<Matalpha1_re227>#Mcm1@1=Mcm1@1#Matalpha1@1=Matalpha1@2
623,<Matalpha1ppiplusMcm1_re227>,AND,<Mcm1_re227>#Mcm1@1=Mcm1@1#Matalpha1@1=Matalpha1@2
624,<Matalpha2_re228>,AND,Matalpha2@1
625,<Matalpha2ppiplusMcm1>,AND,<Matalpha2ppiplusMcm1_re228>#Mcm1@1=Mcm1@1#Matalpha2@1=Matalpha2@2
626,<Matalpha2ppiplusMcm1_re228>,AND,<Matalpha2_re228>#Mcm1@1=Mcm1@1#Matalpha2@1=Matalpha2@2
627,<Matalpha2ppiplusMcm1_re228>,AND,<Mcm1_re228>#Mcm1@1=Mcm1@1#Matalpha2@1=Matalpha2@2
628,<Mcm1Matalpha1>,AND,Matalpha1@1--Mcm1@2,,,
629,<Mcm1Matalpha2>,AND,Matalpha2@1--Mcm1@2,,,
630,<Mcm1Ste12>,AND,<Ste12-Dimer>#Ste12@2=Ste12@1#Ste12@3=Ste12@2,,,
631,<Mcm1Ste12>,AND,Mcm1@1--Ste12@2,,,
632,<Mcm1_re125>,AND,Mcm1@1
633,<Mcm1_re227>,AND,Mcm1@1
634,<Mcm1_re228>,AND,Mcm1@1
635,<Mcm1ppiplusSte12>,AND,<Mcm1ppiplusSte12_re125>#Mcm1@1=Mcm1@1#Ste12@1=Ste12@2
636,<Mcm1ppiplusSte12_re125>,AND,<Mcm1_re125>#Mcm1@1=Mcm1@1#Ste12@1=Ste12@2
637,<Mcm1ppiplusSte12_re125>,AND,<Ste12_re125>#Mcm1@1=Mcm1@1#Ste12@1=Ste12@2
638,<MfAlpha12_re10>,AND,MfAlpha12@1
639,<MfAlpha12ppiminusSte2>,AND,<AlphaFactorSte2Sst2_re163>#MfAlpha12@1=MfAlpha12@1#Ste2@2=Ste2@2#Sst2@4=Sst2@2
640,<MfAlpha12ppiminusSte2>,AND,<MfAlpha12ppiminusSte2_re163>#MfAlpha12@1=MfAlpha12@1#Ste2@2=Ste2@2#Sst2@4=Sst2@2
641,<MfAlpha12ppiminusSte2_re163>,AND,<AlphaFactorSte2Sst2_re163>#MfAlpha12@1=MfAlpha12@1#Ste2@2=Ste2@2#Sst2@4=Sst2@2
642,<MfAlpha12ppiplusSte2>,AND,<MfAlpha12ppiplusSte2_re10>#MfAlpha12@1=MfAlpha12@1#Ste2@1=Ste2@2
643,<MfAlpha12ppiplusSte2_re10>,AND,<MfAlpha12_re10>#MfAlpha12@1=MfAlpha12@1#Ste2@1=Ste2@2
644,<MfAlpha12ppiplusSte2_re10>,AND,<Ste2_re10>#MfAlpha12@1=MfAlpha12@1#Ste2@1=Ste2@2
645,<Mfa12_re11>,AND,Mfa12@1
646,<Mfa12ppiminusSte3>,AND,<AFactorSte3Asg7_re156>#Mfa12@1=Mfa12@1#Ste3@2=Ste3@2#Asg7@3=Asg7@2
647,<Mfa12ppiminusSte3>,AND,<Mfa12ppiminusSte3_re156>#Mfa12@1=Mfa12@1#Ste3@2=Ste3@2#Asg7@3=Asg7@2
648,<Mfa12ppiminusSte3_re156>,AND,<AFactorSte3Asg7_re156>#Mfa12@1=Mfa12@1#Ste3@2=Ste3@2#Asg7@3=Asg7@2
649,<Mfa12ppiplusSte3>,AND,<Mfa12ppiplusSte3_re11>#Mfa12@1=Mfa12@1#Ste3@1=Ste3@2
650,<Mfa12ppiplusSte3_re11>,AND,<Mfa12_re11>#Mfa12@1=Mfa12@1#Ste3@1=Ste3@2
651,<Mfa12ppiplusSte3_re11>,AND,<Ste3_re11>#Mfa12@1=Mfa12@1#Ste3@1=Ste3@2
652,<Mpt5Sst2>,AND,Mpt5@1--Sst2@2,,,
653,<Mpt5Sst2_re168>,AND,<Mpt5Sst2>#Mpt5@1=Mpt5@1#Sst2@2=Sst2@2
654,<Mpt5Sst2_re270>,AND,<Mpt5Sst2>#Mpt5@1=Mpt5@1#Sst2@2=Sst2@2
655,<Mpt5_re48>,AND,Mpt5@1
656,<Mpt5ppiminusSst2>,AND,<Mpt5Sst2_re270>#Mpt5@1=Mpt5@1#Sst2@2=Sst2@2
657,<Mpt5ppiminusSst2>,AND,<Mpt5ppiminusSst2_re270>#Mpt5@1=Mpt5@1#Sst2@2=Sst2@2
658,<Mpt5ppiminusSst2_re270>,AND,<Mpt5Sst2>#Mpt5@1=Mpt5@1#Sst2@2=Sst2@2
659,<Mpt5ppiminusSst2_re270>,AND,<Mpt5Sst2_re270>#Mpt5@1=Mpt5@1#Sst2@2=Sst2@2
660,<Mpt5ppiplusSst2>,AND,<Mpt5ppiplusSst2_re48>#Mpt5@1=Mpt5@1#Sst2@1=Sst2@2
661,<Mpt5ppiplusSst2_re48>,AND,<Mpt5_re48>#Mpt5@1=Mpt5@1#Sst2@1=Sst2@2
662,<Mpt5ppiplusSst2_re48>,AND,<Sst2_re48>#Mpt5@1=Mpt5@1#Sst2@1=Sst2@2
663,<Msg5PminusFus3(T180)>,OR,<Msg5PminusFus3_re104_1>
664,<Msg5PminusFus3(T180)>,OR,<Msg5PminusFus3_re177_1>
665,<Msg5PminusFus3(Y182)>,OR,<Msg5PminusFus3_re104_1>
666,<Msg5PminusFus3(Y182)>,OR,<Msg5PminusFus3_re177_1>
667,<Msg5PminusFus3_re104_1>,AND,<Fus3_re104_1>
668,<Msg5PminusFus3_re177_1>,AND,<Fus3_re177_1>
669,<Ptp2PminusFus3(T180)>,AND,<Ptp2PminusFus3_re177_0>
670,<Ptp2PminusFus3(Y182)>,AND,<Ptp2PminusFus3_re177_0>
671,<Ptp2PminusFus3_re177_0>,AND,<Fus3_re177_0>
672,<Ptp3PminusFus3(T180)>,AND,<Ptp3PminusFus3_re104_0>
673,<Ptp3PminusFus3(Y182)>,AND,<Ptp3PminusFus3_re104_0>
674,<Ptp3PminusFus3_re104_0>,AND,<Fus3_re104_0>
675,<Ptp3PminusKss1(T183)>,AND,<Ptp3PminusKss1_re217>
676,<Ptp3PminusKss1(Y185)>,AND,<Ptp3PminusKss1_re217>
677,<Ptp3PminusKss1_re217>,AND,<Kss1_re217>
678,<Rsr1iplusGDP>,AND,<Bem1GTPCdc42Cdc24GTPRsr1_re221>#Bem1@1=Bem1@1#Cdc24@2=Cdc24@1#GTP@3=GTP@1#Rsr1@4=Rsr1@2#Cdc42@5=Cdc42@1#GTP@6=GTP@2
679,<Rsr1iplusGDP>,AND,<GTPRsr1_re219>#GTP@1=GTP@1#Rsr1@2=Rsr1@2
680,<Rsr1iplusGDP>,AND,<Rsr1iplusGDP_re219>#GTP@1=GTP@1#Rsr1@2=Rsr1@2
681,<Rsr1iplusGDP>,AND,<Rsr1iplusGDP_re220>#Bem1@1=Bem1@1#Cdc42@2=Cdc42@1#GDP@3=GDP@2#Cdc24@1=Cdc24@1#GTP@2=GTP@1#Rsr1@3=Rsr1@2
682,<Rsr1iplusGDP>,AND,<Rsr1iplusGDP_re221>#Bem1@1=Bem1@1#Cdc24@2=Cdc24@1#GTP@3=GTP@1#Rsr1@4=Rsr1@2#Cdc42@5=Cdc42@1#GTP@6=GTP@2
683,<Rsr1iplusGDP_re219>,AND,<GTPRsr1_re219>#GTP@1=GTP@1#Rsr1@2=Rsr1@2
684,<Rsr1iplusGDP_re220>,AND,<Bem1GDPCdc42_re220>#Bem1@1=Bem1@1#Cdc42@2=Cdc42@1#GDP@3=GDP@2
685,<Rsr1iplusGDP_re220>,AND,<Cdc24GTPRsr1_re220>#Cdc24@1=Cdc24@1#GTP@2=GTP@1#Rsr1@3=Rsr1@2
686,<Rsr1iplusGDP_re221>,AND,<Bem1GTPCdc42Cdc24GTPRsr1_re221>#Bem1@1=Bem1@1#Cdc24@2=Cdc24@1#GTP@3=GTP@1#Rsr1@4=Rsr1@2#Cdc42@5=Cdc42@1#GTP@6=GTP@2
687,<Rsr1iplusGTP>,AND,<Rsr1iplusGTP_re218>#GDP@1=GDP@1#Rsr1@2=Rsr1@2#GTP@1=GTP@2
688,<Rsr1iplusGTP_re218>,AND,<GDPRsr1_re218>#GDP@1=GDP@1#Rsr1@2=Rsr1@2
689,<Rsr1iplusGTP_re218>,AND,<GTP_re218>#GDP@1=GDP@1#Rsr1@2=Rsr1@2#GTP@1=GTP@2
690,<ScfCdc4Complex>,AND,<ScfComplex>#Cdc34@2=Cdc34@1#Cdc53@3=Cdc53@2#Hrt1@4=Hrt1@3#Skp1@5=Skp1@4,,,
691,<ScfCdc4Complex>,AND,Cdc4@1--Skp1@5,,,
692,<ScfComplex>,AND,Cdc34@1--Hrt1@3,,,
693,<ScfComplex>,AND,Cdc53@2--Hrt1@3,,,
694,<ScfComplex>,AND,Cdc53@2--Skp1@4,,,
695,<ScfComplex_re183>,AND,<ScfComplex>#Cdc34@1=Cdc34@1#Cdc53@2=Cdc53@2#Hrt1@3=Hrt1@3#Skp1@4=Skp1@4
696,<ScfComplex_re71>,AND,<ScfComplex>#Cdc34@1=Cdc34@1#Cdc53@2=Cdc53@2#Hrt1@3=Hrt1@3#Skp1@4=Skp1@4
697,<Sfl1-Dimer>,AND,Sfl1@1--Sfl1@2,,,
698,<Sfl1_re133>,AND,Sfl1@1
699,<Sfl1_re133>,AND,Sfl1@1_[(rs1)]-{0}
700,<Sfl1_re133>,AND,Sfl1@2_[(rs1)]-{0}
701,<Sfl1ppiminusSfl1>,AND,<Cyc8Tup1Sfl1_re135>#Cyc8@1=Cyc8@1#Tup1@2=Tup1@2#Sfl1@3=Sfl1@2
702,<Sfl1ppiminusSfl1>,AND,<Sfl1ppiminusSfl1_re135>#Cyc8@1=Cyc8@1#Tup1@2=Tup1@2#Sfl1@3=Sfl1@2
703,<Sfl1ppiminusSfl1_re135>,AND,<Cyc8Tup1Sfl1_re135>#Cyc8@1=Cyc8@1#Tup1@2=Tup1@2#Sfl1@3=Sfl1@2
704,<Sfl1ppiplusSfl1>,AND,<Sfl1ppiplusSfl1_re133>#Sfl1@1=Sfl1@1#Cyc8@1=Cyc8@1#Tup1@2=Tup1@2
705,<Sfl1ppiplusSfl1_re133>,AND,<Cyc8Tup1_re133>#Cyc8@1=Cyc8@1#Tup1@2=Tup1@2
706,<Sfl1ppiplusSfl1_re133>,AND,<Sfl1_re133>#Sfl1@1=Sfl1@1#Cyc8@1=Cyc8@1#Tup1@2=Tup1@2
707,<Sst2_re160>,AND,Sst2@1
708,<Sst2_re167>,2AND,Sst2@1_[(rs1)]-{Ub}
709,<Sst2_re48>,AND,Sst2@1
710,<Sst2ppiminusSte2>,AND,<AlphaFactorSte2Sst2_re163>#MfAlpha12@1=MfAlpha12@1#Ste2@2=Ste2@2#Sst2@4=Sst2@2
711,<Sst2ppiminusSte2>,AND,<Sst2ppiminusSte2_re163>#MfAlpha12@1=MfAlpha12@1#Ste2@2=Ste2@2#Sst2@4=Sst2@2
712,<Sst2ppiminusSte2_re163>,AND,<AlphaFactorSte2Sst2_re163>#MfAlpha12@1=MfAlpha12@1#Ste2@2=Ste2@2#Sst2@4=Sst2@2
713,<Sst2ppiplusSte2>,AND,<Sst2ppiplusSte2_re160>#MfAlpha12@1=MfAlpha12@1#Ste2@2=Ste2@2#Sst2@1=Sst2@2
714,<Sst2ppiplusSte2_re160>,AND,<AlphaFactorSte2_re160>#MfAlpha12@1=MfAlpha12@1#Ste2@2=Ste2@2
715,<Sst2ppiplusSte2_re160>,AND,<Sst2_re160>#MfAlpha12@1=MfAlpha12@1#Ste2@2=Ste2@2#Sst2@1=Sst2@2
716,<Ste11-Dimer>,AND,Ste11@1--Ste11@2,,,
717,<Ste11PplusSte7(S359)>,AND,<Ste11PplusSte7_re88>
718,<Ste11PplusSte7(S359)>,AND,<Ste11PplusSte7_re94>
719,<Ste11PplusSte7(S363)>,AND,<Ste11PplusSte7_re88>
720,<Ste11PplusSte7(S363)>,AND,<Ste11PplusSte7_re94>
721,<Ste11PplusSte7_re88>,AND,<Ste5Ste50Ste11Ste7Fus3_re88>#Fus3@1=Fus3@1#Ste5@2=Ste5@2#Ste11@4=Ste11@1#Ste50@6=Ste50@3#Ste7@7=Ste7@4
722,<Ste11PplusSte7_re94>,AND,<Ste5Ste50Ste11Ste7Kss1_re94>#Kss1@1=Kss1@1#Ste5@2=Ste5@2#Ste11@4=Ste11@1#Ste50@6=Ste50@3#Ste7@7=Ste7@4
723,<Ste11_re87>,AND,Ste11@1
724,<Ste11_re87>,AND,Ste11@1_[(S281)]-{0}
725,<Ste11_re87>,AND,Ste11@1_[(S285)]-{0}
726,<Ste11_re87>,AND,Ste11@1_[(T286)]-{0}
727,<Ste11_re87>,AND,Ste11@2_[(S281)]-{0}
728,<Ste11_re87>,AND,Ste11@2_[(S285)]-{0}
729,<Ste11_re87>,AND,Ste11@2_[(T286)]-{0}
730,<Ste11ppiminusSte5>,AND,<Ste11ppiminusSte5_re91>#Fus3@1=Fus3@1#Ste5@2=Ste5@2#Ste11@4=Ste11@1#Ste50@6=Ste50@3#Ste7@7=Ste7@4
731,<Ste11ppiminusSte5>,AND,<Ste11ppiminusSte5_re97>#Kss1@1=Kss1@1#Ste5@2=Ste5@2#Ste11@4=Ste11@1#Ste50@6=Ste50@3#Ste7@7=Ste7@4
732,<Ste11ppiminusSte5>,AND,<Ste5Ste50Ste11Ste7Fus3_re91>#Fus3@1=Fus3@1#Ste5@2=Ste5@2#Ste11@4=Ste11@1#Ste50@6=Ste50@3#Ste7@7=Ste7@4
733,<Ste11ppiminusSte5>,AND,<Ste5Ste50Ste11Ste7Kss1_re97>#Kss1@1=Kss1@1#Ste5@2=Ste5@2#Ste11@4=Ste11@1#Ste50@6=Ste50@3#Ste7@7=Ste7@4
734,<Ste11ppiminusSte5_re91>,AND,<Ste5Ste50Ste11Ste7Fus3_re91>#Fus3@1=Fus3@1#Ste5@2=Ste5@2#Ste11@4=Ste11@1#Ste50@6=Ste50@3#Ste7@7=Ste7@4
735,<Ste11ppiminusSte5_re97>,AND,<Ste5Ste50Ste11Ste7Kss1_re97>#Kss1@1=Kss1@1#Ste5@2=Ste5@2#Ste11@4=Ste11@1#Ste50@6=Ste50@3#Ste7@7=Ste7@4
736,<Ste11ppiplusSte11>,AND,<Ste11ppiplusSte11_re87>#Ste11@1=Ste11@1#Ste50@1=Ste50@2
737,<Ste11ppiplusSte11_re87>,AND,<Ste11_re87>#Ste11@1=Ste11@1#Ste50@1=Ste50@2
738,<Ste11ppiplusSte11_re87>,AND,<Ste50_re87>#Ste11@1=Ste11@1#Ste50@1=Ste50@2
739,<Ste11ppiplusSte50>,AND,<Ste11ppiplusSte50_re87>#Ste11@1=Ste11@1#Ste50@1=Ste50@2
740,<Ste11ppiplusSte50_re87>,AND,<Ste11_re87>#Ste11@1=Ste11@1#Ste50@1=Ste50@2
741,<Ste11ppiplusSte50_re87>,AND,<Ste50_re87>#Ste11@1=Ste11@1#Ste50@1=Ste50@2
742,<Ste11ppiplusSte5>,AND,<Ste11ppiplusSte5_re30>#Ste5@1=Ste5@1#Ste11@1=Ste11@1#Ste50@3=Ste50@2#Ste7@1=Ste7@3#Fus3@1=Fus3@4
743,<Ste11ppiplusSte5>,AND,<Ste11ppiplusSte5_re92>#Ste5@1=Ste5@1#Ste11@1=Ste11@1#Ste50@3=Ste50@2#Ste7@1=Ste7@3#Kss1@1=Kss1@4
744,<Ste11ppiplusSte5_re30>,AND,<Fus3_re30>#Ste5@1=Ste5@1#Ste11@1=Ste11@1#Ste50@3=Ste50@2#Ste7@1=Ste7@3#Fus3@1=Fus3@4
745,<Ste11ppiplusSte5_re30>,AND,<Ste50Ste11_re30>#Ste11@1=Ste11@1#Ste50@3=Ste50@2
746,<Ste11ppiplusSte5_re30>,AND,<Ste5_re30>#Ste5@1=Ste5@1#Ste11@1=Ste11@1#Ste50@3=Ste50@2#Ste7@1=Ste7@3#Fus3@1=Fus3@4
747,<Ste11ppiplusSte5_re30>,AND,<Ste7_re30>#Ste5@1=Ste5@1#Ste11@1=Ste11@1#Ste50@3=Ste50@2#Ste7@1=Ste7@3#Fus3@1=Fus3@4
748,<Ste11ppiplusSte5_re92>,AND,<Kss1_re92>#Ste5@1=Ste5@1#Ste11@1=Ste11@1#Ste50@3=Ste50@2#Ste7@1=Ste7@3#Kss1@1=Kss1@4
749,<Ste11ppiplusSte5_re92>,AND,<Ste50Ste11_re92>#Ste11@1=Ste11@1#Ste50@3=Ste50@2
750,<Ste11ppiplusSte5_re92>,AND,<Ste5_re92>#Ste5@1=Ste5@1#Ste11@1=Ste11@1#Ste50@3=Ste50@2#Ste7@1=Ste7@3#Kss1@1=Kss1@4
751,<Ste11ppiplusSte5_re92>,AND,<Ste7_re92>#Ste5@1=Ste5@1#Ste11@1=Ste11@1#Ste50@3=Ste50@2#Ste7@1=Ste7@3#Kss1@1=Kss1@4
752,<Ste12-Dimer>,AND,Ste12@1--Ste12@2,,,
753,<Ste12Tec1>,AND,<Ste12-Dimer>#Ste12@1=Ste12@1#Ste12@2=Ste12@2,,,
754,<Ste12Tec1>,AND,Ste12@1--Tec1@2,,,
755,<Ste12Tec1_re127>,2AND,Ste12@2_[(rs1)]-{0}
756,<Ste12Tec1_re127>,2AND,Tec1@3_[(T273)]-{0}
757,<Ste12Tec1_re127>,2AND,Tec1@3_[(rs2)]-{0}
758,<Ste12Tec1_re127>,AND,<Ste12Tec1>#Ste12@1=Ste12@1#Tec1@3=Tec1@2
759,<Ste12_re125>,AND,Ste12@1
760,<Ste12_re125>,AND,Ste12@1_[(rs1)]-{P}
761,<Ste12_re125>,AND,Ste12@2_[(rs1)]-{P}
762,<Ste12_re184>,AND,Ste12@1
763,<Ste12_re184>,AND,Ste12@1_[(rs1)]-{0}
764,<Ste12_re184>,AND,Ste12@2_[(rs1)]-{0}
765,<Ste12_re35>,AND,Ste12@1_[(rs1)]-{0}
766,<Ste12_re35>,AND,Ste12@2_[(rs1)]-{0}
767,<Ste12_re41>,AND,Ste12@1
768,<Ste12_re41>,AND,Ste12@1_[(rs1)]-{0}
769,<Ste12_re41>,AND,Ste12@2_[(rs1)]-{0}
770,<Ste12ppiminusSte12>,AND,<Dig1Dig2Ste12_re44>#Dig1@1=Dig1@1#Dig2@2=Dig2@2#Ste12@3=Ste12@3
771,<Ste12ppiminusSte12>,AND,<Ste12ppiminusSte12_re44>#Dig1@1=Dig1@1#Dig2@2=Dig2@2#Ste12@3=Ste12@3
772,<Ste12ppiminusSte12_re44>,AND,<Dig1Dig2Ste12_re44>#Dig1@1=Dig1@1#Dig2@2=Dig2@2#Ste12@3=Ste12@3
773,<Ste12ppiminusTec1>,AND,<Dig1Ste12Tec1_re129>#Dig1@1=Dig1@1#Ste12@2=Ste12@2#Tec1@4=Tec1@3
774,<Ste12ppiminusTec1>,AND,<Ste12ppiminusTec1_re127>#Dig1@1=Dig1@2#Ste12@1=Ste12@1#Tec1@3=Tec1@2
775,<Ste12ppiminusTec1>,AND,<Ste12ppiminusTec1_re129>#Dig1@1=Dig1@1#Ste12@2=Ste12@2#Tec1@4=Tec1@3
776,<Ste12ppiminusTec1_re127>,AND,<Dig1_re127>#Dig1@1=Dig1@2#Ste12@1=Ste12@1#Tec1@3=Tec1@2
777,<Ste12ppiminusTec1_re127>,AND,<Ste12Tec1_re127>#Ste12@1=Ste12@1#Tec1@3=Tec1@2
778,<Ste12ppiminusTec1_re129>,AND,<Dig1Ste12Tec1_re129>#Dig1@1=Dig1@1#Ste12@2=Ste12@2#Tec1@4=Tec1@3
779,<Ste12ppiplusSte12>,AND,<Ste12ppiplusSte12_re41>#Ste12@1=Ste12@1#Dig1@1=Dig1@2#Dig2@1=Dig2@3
780,<Ste12ppiplusSte12_re41>,AND,<Dig1_re41>#Ste12@1=Ste12@1#Dig1@1=Dig1@2#Dig2@1=Dig2@3
781,<Ste12ppiplusSte12_re41>,AND,<Dig2_re41>#Ste12@1=Ste12@1#Dig1@1=Dig1@2#Dig2@1=Dig2@3
782,<Ste12ppiplusSte12_re41>,AND,<Ste12_re41>#Ste12@1=Ste12@1#Dig1@1=Dig1@2#Dig2@1=Dig2@3
783,<Ste12ppiplusTec1>,AND,<Dig1Ste12Tec1_re129>#Dig1@1=Dig1@1#Ste12@2=Ste12@2#Tec1@4=Tec1@3
784,<Ste12ppiplusTec1>,AND,<Ste12ppiplusTec1_re127>#Dig1@1=Dig1@2#Ste12@1=Ste12@1#Tec1@3=Tec1@2
785,<Ste12ppiplusTec1>,AND,<Ste12ppiplusTec1_re129>#Dig1@1=Dig1@1#Ste12@2=Ste12@2#Tec1@4=Tec1@3
786,<Ste12ppiplusTec1>,AND,<Ste12ppiplusTec1_re184>#Ste12@1=Ste12@1#Tec1@1=Tec1@2
787,<Ste12ppiplusTec1_re127>,AND,<Dig1_re127>#Dig1@1=Dig1@2#Ste12@1=Ste12@1#Tec1@3=Tec1@2
788,<Ste12ppiplusTec1_re127>,AND,<Ste12Tec1_re127>#Ste12@1=Ste12@1#Tec1@3=Tec1@2
789,<Ste12ppiplusTec1_re129>,AND,<Dig1Ste12Tec1_re129>#Dig1@1=Dig1@1#Ste12@2=Ste12@2#Tec1@4=Tec1@3
790,<Ste12ppiplusTec1_re184>,AND,<Ste12_re184>#Ste12@1=Ste12@1#Tec1@1=Tec1@2
791,<Ste12ppiplusTec1_re184>,AND,<Tec1_re184>#Ste12@1=Ste12@1#Tec1@1=Tec1@2
792,<Ste18ppiminusSte4>,AND,<GTPGpa1Ste4Ste18_re12>#GTP@1=GTP@1#Gpa1@2=Gpa1@2#Ste18@3=Ste18@1#Ste4@4=Ste4@2
793,<Ste18ppiminusSte4>,AND,<Ste18ppiminusSte4_re12>#GTP@1=GTP@1#Gpa1@2=Gpa1@2#Ste18@3=Ste18@1#Ste4@4=Ste4@2
794,<Ste18ppiminusSte4>,AND,<Ste18ppiminusSte4_re79>#Bem1@1=Bem1@1#Cdc42@2=Cdc42@1#GDP@3=GDP@2#Cdc24@1=Cdc24@1#Far1@2=Far1@2#Ste18@3=Ste18@1#Ste4@4=Ste4@2
795,<Ste18ppiminusSte4_re12>,AND,<GTPGpa1Ste4Ste18_re12>#GTP@1=GTP@1#Gpa1@2=Gpa1@2#Ste18@3=Ste18@1#Ste4@4=Ste4@2
796,<Ste18ppiminusSte4_re79>,AND,<Bem1GDPCdc42>#Bem1@1=Bem1@1#Cdc42@2=Cdc42@1#GDP@3=GDP@2
797,<Ste18ppiminusSte4_re79>,AND,<Bem1GDPCdc42_re79>#Bem1@1=Bem1@1#Cdc42@2=Cdc42@1#GDP@3=GDP@2
798,<Ste18ppiminusSte4_re79>,AND,<Cdc24Far1Ste4Ste18_re79>#Cdc24@1=Cdc24@1#Far1@2=Far1@2#Ste18@3=Ste18@1#Ste4@4=Ste4@2
799,<Ste18ppiplusSte4>,AND,<Ste18ppiplusSte4_re14>#GDP@1=GDP@1#Gpa1@2=Gpa1@2#Ste18@1=Ste18@1#Ste4@2=Ste4@2
800,<Ste18ppiplusSte4>,AND,<Ste18ppiplusSte4_re78>#Ste18@1=Ste18@1#Ste4@2=Ste4@2#Cdc24@1=Cdc24@1#Far1@2=Far1@2
801,<Ste18ppiplusSte4_re14>,AND,<GDPGpa1_re14>#GDP@1=GDP@1#Gpa1@2=Gpa1@2
802,<Ste18ppiplusSte4_re14>,AND,<Ste4Ste18_re14>#Ste18@1=Ste18@1#Ste4@2=Ste4@2
803,<Ste18ppiplusSte4_re78>,AND,<Cdc24Far1_re78>#Cdc24@1=Cdc24@1#Far1@2=Far1@2
804,<Ste18ppiplusSte4_re78>,AND,<Ste4Ste18_re78>#Ste18@1=Ste18@1#Ste4@2=Ste4@2
805,<Ste2-Dimer>,AND,Ste2@1--Ste2@2,,,
806,<Ste20PplusSte11(S281)>,OR,<Ste20PplusSte11_re83>
807,<Ste20PplusSte11(S281)>,OR,<Ste20PplusSte11_re93>
808,<Ste20PplusSte11(S285)>,OR,<Ste20PplusSte11_re83>
809,<Ste20PplusSte11(S285)>,OR,<Ste20PplusSte11_re93>
810,<Ste20PplusSte11(T286)>,OR,<Ste20PplusSte11_re83>
811,<Ste20PplusSte11(T286)>,OR,<Ste20PplusSte11_re93>
812,<Ste20PplusSte11_re83>,AND,<Ste5Ste50Ste11Ste7Fus3_re83>#Fus3@1=Fus3@1#Ste5@2=Ste5@2#Ste11@4=Ste11@1#Ste50@6=Ste50@3#Ste7@7=Ste7@4
813,<Ste20PplusSte11_re93>,AND,<Ste5Ste50Ste11Ste7Kss1_re93>#Kss1@1=Kss1@1#Ste5@2=Ste5@2#Ste11@4=Ste11@1#Ste50@6=Ste50@3#Ste7@7=Ste7@4
814,<Ste20PplusSte20(rs1)>,AND,<Bem1GTPCdc42Cdc24Far1Ste4Ste18Ste20_re81_0>#Bem1@1=Bem1@1#Cdc42@2=Cdc42@1#GTP@3=GTP@2#Cdc24@4=Cdc24@1#Far1@5=Far1@2#Ste18@6=Ste18@1#Ste4@7=Ste4@2#Ste20@8=Ste20@3
815,<Ste20PplusSte20_re81_0>,AND,<Bem1GTPCdc42Cdc24Far1Ste4Ste18Ste20_re81_0>#Bem1@1=Bem1@1#Cdc42@2=Cdc42@1#GTP@3=GTP@2#Cdc24@4=Cdc24@1#Far1@5=Far1@2#Ste18@6=Ste18@1#Ste4@7=Ste4@2#Ste20@8=Ste20@3
816,<Ste20_re80>,2AND,Ste20@1_[(rs1)]-{0}
817,<Ste20_re80>,AND,Ste20@1
818,<Ste2_re10>,AND,Ste2@1
819,<Ste2_re10>,AND,Ste2@1_[(K337)]-{0}
820,<Ste2_re10>,AND,Ste2@1_[(S331)]-{0}
821,<Ste2_re10>,AND,Ste2@1_[(S338)]-{0}
822,<Ste2_re10>,AND,Ste2@1_[(S339)]-{0}
823,<Ste2_re10>,AND,Ste2@2_[(K337)]-{0}
824,<Ste2_re10>,AND,Ste2@2_[(S331)]-{0}
825,<Ste2_re10>,AND,Ste2@2_[(S338)]-{0}
826,<Ste2_re10>,AND,Ste2@2_[(S339)]-{0}
827,<Ste2_re164>,2AND,Ste2@2_[(K337)]-{Ub}
828,<Ste2_re164>,2AND,Ste2@2_[(S331)]-{P}
829,<Ste2_re164>,2AND,Ste2@2_[(S338)]-{P}
830,<Ste2_re164>,AND,Ste2@1_[(S339)]-{P}
831,<Ste2_re164>,AND,Ste2@2_[(S339)]-{P}
832,<Ste2_re165>,2AND,Ste2@2_[(K337)]-{Ub}
833,<Ste2_re165>,2AND,Ste2@2_[(S331)]-{P}
834,<Ste2_re165>,2AND,Ste2@2_[(S338)]-{P}
835,<Ste2_re165>,AND,Ste2@1_[(S339)]-{P}
836,<Ste2_re165>,AND,Ste2@2_[(S339)]-{P}
837,<Ste2_re244>,2AND,Ste2@1_[(K337)]-{0}
838,<Ste2_re244>,2AND,Ste2@1_[(S331)]-{0}
839,<Ste2_re244>,2AND,Ste2@1_[(S338)]-{0}
840,<Ste2_re244>,2AND,Ste2@1_[(S339)]-{0}
841,<Ste2ppiminusSte2>,AND,<AlphaFactorSte2Sst2_re163>#MfAlpha12@1=MfAlpha12@1#Ste2@2=Ste2@2#Sst2@4=Sst2@2
842,<Ste2ppiminusSte2>,AND,<Ste2ppiminusSte2_re163>#MfAlpha12@1=MfAlpha12@1#Ste2@2=Ste2@2#Sst2@4=Sst2@2
843,<Ste2ppiminusSte2_re163>,AND,<AlphaFactorSte2Sst2_re163>#MfAlpha12@1=MfAlpha12@1#Ste2@2=Ste2@2#Sst2@4=Sst2@2
844,<Ste2ppiplusSte2>,AND,<Ste2ppiplusSte2_re10>#MfAlpha12@1=MfAlpha12@1#Ste2@1=Ste2@2
845,<Ste2ppiplusSte2_re10>,AND,<MfAlpha12_re10>#MfAlpha12@1=MfAlpha12@1#Ste2@1=Ste2@2
846,<Ste2ppiplusSte2_re10>,AND,<Ste2_re10>#MfAlpha12@1=MfAlpha12@1#Ste2@1=Ste2@2
847,<Ste3_re11>,2AND,Ste3@1_[(rs2)]-{0}
848,<Ste3_re11>,2AND,Ste3@1_[(rs3)]-{0}
849,<Ste3_re11>,AND,Ste3@1
850,<Ste3_re157>,2AND,Ste3@1_[(rs2)]-{P}
851,<Ste3_re157>,2AND,Ste3@1_[(rs3)]-{Ub}
852,<Ste3_re205>,2AND,Ste3@1_[(rs2)]-{P}
853,<Ste3_re205>,2AND,Ste3@1_[(rs3)]-{Ub}
854,<Ste4Ste18>,AND,Ste4@2--Ste18@1,,,
855,<Ste4Ste18_re14>,2AND,Ste18@1_[(rs1)]-{pre}
856,<Ste4Ste18_re14>,2AND,Ste18@1_[(rs2)]-{palm}
857,<Ste4Ste18_re14>,2AND,Ste4@2_[(S335)]-{P}
858,<Ste4Ste18_re14>,2AND,Ste4@2_[(T320)]-{P}
859,<Ste4Ste18_re14>,2AND,Ste4@2_[(T322)]-{P}
860,<Ste4Ste18_re14>,AND,<Ste4Ste18>#Ste18@1=Ste18@1#Ste4@2=Ste4@2
861,<Ste4Ste18_re78>,2AND,Ste18@1_[(rs1)]-{pre}
862,<Ste4Ste18_re78>,2AND,Ste18@1_[(rs2)]-{palm}
863,<Ste4Ste18_re78>,2AND,Ste4@2_[(S335)]-{P}
864,<Ste4Ste18_re78>,2AND,Ste4@2_[(T320)]-{P}
865,<Ste4Ste18_re78>,2AND,Ste4@2_[(T322)]-{P}
866,<Ste4Ste18_re78>,AND,<Ste4Ste18>#Ste18@1=Ste18@1#Ste4@2=Ste4@2
867,<Ste5-Dimer>,AND,Ste5@1--Ste5@2,,,
868,<Ste50Ste11>,AND,<Ste11-Dimer>#Ste11@1=Ste11@1#Ste11@2=Ste11@2,,,
869,<Ste50Ste11>,AND,Ste11@1--Ste50@2,,,
870,<Ste50Ste11_re30>,2AND,Ste11@2_[(S281)]-{0}
871,<Ste50Ste11_re30>,2AND,Ste11@2_[(S285)]-{0}
872,<Ste50Ste11_re30>,2AND,Ste11@2_[(T286)]-{0}
873,<Ste50Ste11_re30>,AND,<Ste50Ste11>#Ste11@1=Ste11@1#Ste50@3=Ste50@2
874,<Ste50Ste11_re92>,2AND,Ste11@2_[(S281)]-{0}
875,<Ste50Ste11_re92>,2AND,Ste11@2_[(S285)]-{0}
876,<Ste50Ste11_re92>,2AND,Ste11@2_[(T286)]-{0}
877,<Ste50Ste11_re92>,AND,<Ste50Ste11>#Ste11@1=Ste11@1#Ste50@3=Ste50@2
878,<Ste50_re87>,AND,Ste50@1
879,<Ste5Ste50Ste11Ste7Fus3>,AND,<Ste5-Dimer>#Ste5@2=Ste5@1#Ste5@3=Ste5@2,,,
880,<Ste5Ste50Ste11Ste7Fus3>,AND,<Ste50Ste11>#Ste11@4=Ste11@1#Ste50@6=Ste50@3,,,
881,<Ste5Ste50Ste11Ste7Fus3>,AND,Fus3@1--Ste5@3,,,
882,<Ste5Ste50Ste11Ste7Fus3>,AND,Ste5@2--Ste11@4,,,
883,<Ste5Ste50Ste11Ste7Fus3>,AND,Ste5@2--Ste7@7,,,
884,<Ste5Ste50Ste11Ste7Fus3_re83>,2AND,Fus3@1_[(T180)]-{0}
885,<Ste5Ste50Ste11Ste7Fus3_re83>,2AND,Fus3@1_[(Y182)]-{0}
886,<Ste5Ste50Ste11Ste7Fus3_re83>,2AND,Ste7@7_[(S359)]-{0}
887,<Ste5Ste50Ste11Ste7Fus3_re83>,2AND,Ste7@7_[(S363)]-{0}
888,<Ste5Ste50Ste11Ste7Fus3_re83>,2AND,Ste7@7_[(rs3)]-{0}
889,<Ste5Ste50Ste11Ste7Fus3_re83>,AND,<Ste5Ste50Ste11Ste7Fus3>#Fus3@1=Fus3@1#Ste5@2=Ste5@2#Ste11@4=Ste11@1#Ste50@6=Ste50@3#Ste7@7=Ste7@4
890,<Ste5Ste50Ste11Ste7Fus3_re83>,AND,Ste11@4_[(S281)]-{0}
891,<Ste5Ste50Ste11Ste7Fus3_re83>,AND,Ste11@4_[(S285)]-{0}
892,<Ste5Ste50Ste11Ste7Fus3_re83>,AND,Ste11@4_[(T286)]-{0}
893,<Ste5Ste50Ste11Ste7Fus3_re83>,AND,Ste11@5_[(S281)]-{0}
894,<Ste5Ste50Ste11Ste7Fus3_re83>,AND,Ste11@5_[(S285)]-{0}
895,<Ste5Ste50Ste11Ste7Fus3_re83>,AND,Ste11@5_[(T286)]-{0}
896,<Ste5Ste50Ste11Ste7Fus3_re88>,2AND,Fus3@1_[(T180)]-{0}
897,<Ste5Ste50Ste11Ste7Fus3_re88>,2AND,Fus3@1_[(Y182)]-{0}
898,<Ste5Ste50Ste11Ste7Fus3_re88>,2AND,Ste11@5_[(S285)]-{P}
899,<Ste5Ste50Ste11Ste7Fus3_re88>,2AND,Ste11@5_[(T286)]-{P}
900,<Ste5Ste50Ste11Ste7Fus3_re88>,2AND,Ste7@7_[(S359)]-{0}
901,<Ste5Ste50Ste11Ste7Fus3_re88>,2AND,Ste7@7_[(S363)]-{0}
902,<Ste5Ste50Ste11Ste7Fus3_re88>,2AND,Ste7@7_[(rs3)]-{0}
903,<Ste5Ste50Ste11Ste7Fus3_re88>,AND,<Ste5Ste50Ste11Ste7Fus3>#Fus3@1=Fus3@1#Ste5@2=Ste5@2#Ste11@4=Ste11@1#Ste50@6=Ste50@3#Ste7@7=Ste7@4
904,<Ste5Ste50Ste11Ste7Fus3_re88>,AND,Ste11@4_[(S281)]-{P}
905,<Ste5Ste50Ste11Ste7Fus3_re88>,AND,Ste11@5_[(S281)]-{P}
906,<Ste5Ste50Ste11Ste7Fus3_re90>,2AND,Fus3@1_[(T180)]-{0}
907,<Ste5Ste50Ste11Ste7Fus3_re90>,2AND,Fus3@1_[(Y182)]-{0}
908,<Ste5Ste50Ste11Ste7Fus3_re90>,2AND,Ste11@5_[(S285)]-{P}
909,<Ste5Ste50Ste11Ste7Fus3_re90>,2AND,Ste11@5_[(T286)]-{P}
910,<Ste5Ste50Ste11Ste7Fus3_re90>,2AND,Ste7@7_[(S359)]-{P}
911,<Ste5Ste50Ste11Ste7Fus3_re90>,2AND,Ste7@7_[(S363)]-{P}
912,<Ste5Ste50Ste11Ste7Fus3_re90>,2AND,Ste7@7_[(rs3)]-{0}
913,<Ste5Ste50Ste11Ste7Fus3_re90>,AND,<Ste5Ste50Ste11Ste7Fus3>#Fus3@1=Fus3@1#Ste5@2=Ste5@2#Ste11@4=Ste11@1#Ste50@6=Ste50@3#Ste7@7=Ste7@4
914,<Ste5Ste50Ste11Ste7Fus3_re90>,AND,Ste11@4_[(S281)]-{P}
915,<Ste5Ste50Ste11Ste7Fus3_re90>,AND,Ste11@5_[(S281)]-{P}
916,<Ste5Ste50Ste11Ste7Fus3_re91>,2AND,Fus3@1_[(T180)]-{P}
917,<Ste5Ste50Ste11Ste7Fus3_re91>,2AND,Fus3@1_[(Y182)]-{P}
918,<Ste5Ste50Ste11Ste7Fus3_re91>,2AND,Ste11@5_[(S285)]-{P}
919,<Ste5Ste50Ste11Ste7Fus3_re91>,2AND,Ste11@5_[(T286)]-{P}
920,<Ste5Ste50Ste11Ste7Fus3_re91>,2AND,Ste7@7_[(S359)]-{P}
921,<Ste5Ste50Ste11Ste7Fus3_re91>,2AND,Ste7@7_[(S363)]-{P}
922,<Ste5Ste50Ste11Ste7Fus3_re91>,2AND,Ste7@7_[(rs3)]-{0}
923,<Ste5Ste50Ste11Ste7Fus3_re91>,AND,<Ste5Ste50Ste11Ste7Fus3>#Fus3@1=Fus3@1#Ste5@2=Ste5@2#Ste11@4=Ste11@1#Ste50@6=Ste50@3#Ste7@7=Ste7@4
924,<Ste5Ste50Ste11Ste7Fus3_re91>,AND,Ste11@4_[(S281)]-{P}
925,<Ste5Ste50Ste11Ste7Fus3_re91>,AND,Ste11@5_[(S281)]-{P}
926,<Ste5Ste50Ste11Ste7Kss1>,AND,<Ste5-Dimer>#Ste5@2=Ste5@1#Ste5@3=Ste5@2,,,
927,<Ste5Ste50Ste11Ste7Kss1>,AND,<Ste50Ste11>#Ste11@4=Ste11@1#Ste50@6=Ste50@3,,,
928,<Ste5Ste50Ste11Ste7Kss1>,AND,Kss1@1--Ste5@2,,,
929,<Ste5Ste50Ste11Ste7Kss1>,AND,Ste5@2--Ste7@7,,,
930,<Ste5Ste50Ste11Ste7Kss1>,AND,Ste5@3--Ste11@4,,,
931,<Ste5Ste50Ste11Ste7Kss1_re93>,2AND,Kss1@1_[(T183)]-{0}
932,<Ste5Ste50Ste11Ste7Kss1_re93>,2AND,Kss1@1_[(Y185)]-{0}
933,<Ste5Ste50Ste11Ste7Kss1_re93>,2AND,Ste7@7_[(S359)]-{0}
934,<Ste5Ste50Ste11Ste7Kss1_re93>,2AND,Ste7@7_[(S363)]-{0}
935,<Ste5Ste50Ste11Ste7Kss1_re93>,2AND,Ste7@7_[(rs3)]-{0}
936,<Ste5Ste50Ste11Ste7Kss1_re93>,AND,<Ste5Ste50Ste11Ste7Kss1>#Kss1@1=Kss1@1#Ste5@2=Ste5@2#Ste11@4=Ste11@1#Ste50@6=Ste50@3#Ste7@7=Ste7@4
937,<Ste5Ste50Ste11Ste7Kss1_re93>,AND,Ste11@4_[(S281)]-{0}
938,<Ste5Ste50Ste11Ste7Kss1_re93>,AND,Ste11@4_[(S285)]-{0}
939,<Ste5Ste50Ste11Ste7Kss1_re93>,AND,Ste11@4_[(T286)]-{0}
940,<Ste5Ste50Ste11Ste7Kss1_re93>,AND,Ste11@5_[(S281)]-{0}
941,<Ste5Ste50Ste11Ste7Kss1_re93>,AND,Ste11@5_[(S285)]-{0}
942,<Ste5Ste50Ste11Ste7Kss1_re93>,AND,Ste11@5_[(T286)]-{0}
943,<Ste5Ste50Ste11Ste7Kss1_re94>,2AND,Kss1@1_[(T183)]-{0}
944,<Ste5Ste50Ste11Ste7Kss1_re94>,2AND,Kss1@1_[(Y185)]-{0}
945,<Ste5Ste50Ste11Ste7Kss1_re94>,2AND,Ste11@5_[(S285)]-{P}
946,<Ste5Ste50Ste11Ste7Kss1_re94>,2AND,Ste11@5_[(T286)]-{P}
947,<Ste5Ste50Ste11Ste7Kss1_re94>,2AND,Ste7@7_[(S359)]-{0}
948,<Ste5Ste50Ste11Ste7Kss1_re94>,2AND,Ste7@7_[(S363)]-{0}
949,<Ste5Ste50Ste11Ste7Kss1_re94>,2AND,Ste7@7_[(rs3)]-{0}
950,<Ste5Ste50Ste11Ste7Kss1_re94>,AND,<Ste5Ste50Ste11Ste7Kss1>#Kss1@1=Kss1@1#Ste5@2=Ste5@2#Ste11@4=Ste11@1#Ste50@6=Ste50@3#Ste7@7=Ste7@4
951,<Ste5Ste50Ste11Ste7Kss1_re94>,AND,Ste11@4_[(S281)]-{P}
952,<Ste5Ste50Ste11Ste7Kss1_re94>,AND,Ste11@5_[(S281)]-{P}
953,<Ste5Ste50Ste11Ste7Kss1_re96>,2AND,Kss1@1_[(T183)]-{0}
954,<Ste5Ste50Ste11Ste7Kss1_re96>,2AND,Kss1@1_[(Y185)]-{0}
955,<Ste5Ste50Ste11Ste7Kss1_re96>,2AND,Ste11@5_[(S285)]-{P}
956,<Ste5Ste50Ste11Ste7Kss1_re96>,2AND,Ste11@5_[(T286)]-{P}
957,<Ste5Ste50Ste11Ste7Kss1_re96>,2AND,Ste7@7_[(S359)]-{P}
958,<Ste5Ste50Ste11Ste7Kss1_re96>,2AND,Ste7@7_[(S363)]-{P}
959,<Ste5Ste50Ste11Ste7Kss1_re96>,2AND,Ste7@7_[(rs3)]-{0}
960,<Ste5Ste50Ste11Ste7Kss1_re96>,AND,<Ste5Ste50Ste11Ste7Kss1>#Kss1@1=Kss1@1#Ste5@2=Ste5@2#Ste11@4=Ste11@1#Ste50@6=Ste50@3#Ste7@7=Ste7@4
961,<Ste5Ste50Ste11Ste7Kss1_re96>,AND,Ste11@4_[(S281)]-{P}
962,<Ste5Ste50Ste11Ste7Kss1_re96>,AND,Ste11@5_[(S281)]-{P}
963,<Ste5Ste50Ste11Ste7Kss1_re97>,2AND,Kss1@1_[(T183)]-{P}
964,<Ste5Ste50Ste11Ste7Kss1_re97>,2AND,Kss1@1_[(Y185)]-{P}
965,<Ste5Ste50Ste11Ste7Kss1_re97>,2AND,Ste11@5_[(S285)]-{P}
966,<Ste5Ste50Ste11Ste7Kss1_re97>,2AND,Ste11@5_[(T286)]-{P}
967,<Ste5Ste50Ste11Ste7Kss1_re97>,2AND,Ste7@7_[(S359)]-{P}
968,<Ste5Ste50Ste11Ste7Kss1_re97>,2AND,Ste7@7_[(S363)]-{P}
969,<Ste5Ste50Ste11Ste7Kss1_re97>,2AND,Ste7@7_[(rs3)]-{0}
970,<Ste5Ste50Ste11Ste7Kss1_re97>,AND,<Ste5Ste50Ste11Ste7Kss1>#Kss1@1=Kss1@1#Ste5@2=Ste5@2#Ste11@4=Ste11@1#Ste50@6=Ste50@3#Ste7@7=Ste7@4
971,<Ste5Ste50Ste11Ste7Kss1_re97>,AND,Ste11@4_[(S281)]-{P}
972,<Ste5Ste50Ste11Ste7Kss1_re97>,AND,Ste11@5_[(S281)]-{P}
973,<Ste5_re30>,AND,Ste5@1
974,<Ste5_re92>,AND,Ste5@1
975,<Ste5ppiminusSte5>,AND,<Ste5Ste50Ste11Ste7Kss1_re97>#Kss1@1=Kss1@1#Ste5@2=Ste5@2#Ste11@4=Ste11@1#Ste50@6=Ste50@3#Ste7@7=Ste7@4
976,<Ste5ppiminusSte5>,AND,<Ste5ppiminusSte5_re97>#Kss1@1=Kss1@1#Ste5@2=Ste5@2#Ste11@4=Ste11@1#Ste50@6=Ste50@3#Ste7@7=Ste7@4
977,<Ste5ppiminusSte5_re97>,AND,<Ste5Ste50Ste11Ste7Kss1_re97>#Kss1@1=Kss1@1#Ste5@2=Ste5@2#Ste11@4=Ste11@1#Ste50@6=Ste50@3#Ste7@7=Ste7@4
978,<Ste5ppiminusSte7>,AND,<Ste5Ste50Ste11Ste7Fus3_re91>#Fus3@1=Fus3@1#Ste5@2=Ste5@2#Ste11@4=Ste11@1#Ste50@6=Ste50@3#Ste7@7=Ste7@4
979,<Ste5ppiminusSte7>,AND,<Ste5Ste50Ste11Ste7Kss1_re97>#Kss1@1=Kss1@1#Ste5@2=Ste5@2#Ste11@4=Ste11@1#Ste50@6=Ste50@3#Ste7@7=Ste7@4
980,<Ste5ppiminusSte7>,AND,<Ste5ppiminusSte7_re91>#Fus3@1=Fus3@1#Ste5@2=Ste5@2#Ste11@4=Ste11@1#Ste50@6=Ste50@3#Ste7@7=Ste7@4
981,<Ste5ppiminusSte7>,AND,<Ste5ppiminusSte7_re97>#Kss1@1=Kss1@1#Ste5@2=Ste5@2#Ste11@4=Ste11@1#Ste50@6=Ste50@3#Ste7@7=Ste7@4
982,<Ste5ppiminusSte7_re91>,AND,<Ste5Ste50Ste11Ste7Fus3_re91>#Fus3@1=Fus3@1#Ste5@2=Ste5@2#Ste11@4=Ste11@1#Ste50@6=Ste50@3#Ste7@7=Ste7@4
983,<Ste5ppiminusSte7_re97>,AND,<Ste5Ste50Ste11Ste7Kss1_re97>#Kss1@1=Kss1@1#Ste5@2=Ste5@2#Ste11@4=Ste11@1#Ste50@6=Ste50@3#Ste7@7=Ste7@4
984,<Ste5ppiplusSte5>,AND,<Ste5ppiplusSte5_re92>#Ste5@1=Ste5@1#Ste11@1=Ste11@1#Ste50@3=Ste50@2#Ste7@1=Ste7@3#Kss1@1=Kss1@4
985,<Ste5ppiplusSte5_re92>,AND,<Kss1_re92>#Ste5@1=Ste5@1#Ste11@1=Ste11@1#Ste50@3=Ste50@2#Ste7@1=Ste7@3#Kss1@1=Kss1@4
986,<Ste5ppiplusSte5_re92>,AND,<Ste50Ste11_re92>#Ste11@1=Ste11@1#Ste50@3=Ste50@2
987,<Ste5ppiplusSte5_re92>,AND,<Ste5_re92>#Ste5@1=Ste5@1#Ste11@1=Ste11@1#Ste50@3=Ste50@2#Ste7@1=Ste7@3#Kss1@1=Kss1@4
988,<Ste5ppiplusSte5_re92>,AND,<Ste7_re92>#Ste5@1=Ste5@1#Ste11@1=Ste11@1#Ste50@3=Ste50@2#Ste7@1=Ste7@3#Kss1@1=Kss1@4
989,<Ste5ppiplusSte7>,AND,<Ste5ppiplusSte7_re30>#Ste5@1=Ste5@1#Ste11@1=Ste11@1#Ste50@3=Ste50@2#Ste7@1=Ste7@3#Fus3@1=Fus3@4
990,<Ste5ppiplusSte7>,AND,<Ste5ppiplusSte7_re92>#Ste5@1=Ste5@1#Ste11@1=Ste11@1#Ste50@3=Ste50@2#Ste7@1=Ste7@3#Kss1@1=Kss1@4
991,<Ste5ppiplusSte7_re30>,AND,<Fus3_re30>#Ste5@1=Ste5@1#Ste11@1=Ste11@1#Ste50@3=Ste50@2#Ste7@1=Ste7@3#Fus3@1=Fus3@4
992,<Ste5ppiplusSte7_re30>,AND,<Ste50Ste11_re30>#Ste11@1=Ste11@1#Ste50@3=Ste50@2
993,<Ste5ppiplusSte7_re30>,AND,<Ste5_re30>#Ste5@1=Ste5@1#Ste11@1=Ste11@1#Ste50@3=Ste50@2#Ste7@1=Ste7@3#Fus3@1=Fus3@4
994,<Ste5ppiplusSte7_re30>,AND,<Ste7_re30>#Ste5@1=Ste5@1#Ste11@1=Ste11@1#Ste50@3=Ste50@2#Ste7@1=Ste7@3#Fus3@1=Fus3@4
995,<Ste5ppiplusSte7_re92>,AND,<Kss1_re92>#Ste5@1=Ste5@1#Ste11@1=Ste11@1#Ste50@3=Ste50@2#Ste7@1=Ste7@3#Kss1@1=Kss1@4
996,<Ste5ppiplusSte7_re92>,AND,<Ste50Ste11_re92>#Ste11@1=Ste11@1#Ste50@3=Ste50@2
997,<Ste5ppiplusSte7_re92>,AND,<Ste5_re92>#Ste5@1=Ste5@1#Ste11@1=Ste11@1#Ste50@3=Ste50@2#Ste7@1=Ste7@3#Kss1@1=Kss1@4
998,<Ste5ppiplusSte7_re92>,AND,<Ste7_re92>#Ste5@1=Ste5@1#Ste11@1=Ste11@1#Ste50@3=Ste50@2#Ste7@1=Ste7@3#Kss1@1=Kss1@4
999,<Ste7PplusFus3(T180)>,AND,<Ste7PplusFus3_re90>
1000,<Ste7PplusFus3(Y182)>,AND,<Ste7PplusFus3_re90>
1001,<Ste7PplusFus3_re90>,AND,<Ste5Ste50Ste11Ste7Fus3_re90>#Fus3@1=Fus3@1#Ste5@2=Ste5@2#Ste11@4=Ste11@1#Ste50@6=Ste50@3#Ste7@7=Ste7@4
1002,<Ste7PplusKss1(T183)>,AND,<Ste7PplusKss1_re96>
1003,<Ste7PplusKss1(Y185)>,AND,<Ste7PplusKss1_re96>
1004,<Ste7PplusKss1_re96>,AND,<Ste5Ste50Ste11Ste7Kss1_re96>#Kss1@1=Kss1@1#Ste5@2=Ste5@2#Ste11@4=Ste11@1#Ste50@6=Ste50@3#Ste7@7=Ste7@4
1005,<Ste7_re179>,2AND,Ste7@1_[(S359)]-{P}
1006,<Ste7_re179>,2AND,Ste7@1_[(S363)]-{P}
1007,<Ste7_re180>,2AND,Ste7@1_[(S359)]-{P}
1008,<Ste7_re180>,2AND,Ste7@1_[(S363)]-{P}
1009,<Ste7_re180>,2AND,Ste7@1_[(rs3)]-{Ub}
1010,<Ste7_re30>,2AND,Ste7@1_[(S359)]-{0}
1011,<Ste7_re30>,2AND,Ste7@1_[(S363)]-{0}
1012,<Ste7_re30>,2AND,Ste7@1_[(rs3)]-{0}
1013,<Ste7_re30>,AND,Ste7@1
1014,<Ste7_re92>,2AND,Ste7@1_[(S359)]-{0}
1015,<Ste7_re92>,2AND,Ste7@1_[(S363)]-{0}
1016,<Ste7_re92>,2AND,Ste7@1_[(rs3)]-{0}
1017,<Ste7_re92>,AND,Ste7@1
1018,<Tec1_re145>,2AND,Tec1@1_[(rs2)]-{0}
1019,<Tec1_re146_0>,2AND,Tec1@1_[(T273)]-{P}
1020,<Tec1_re146_1>,2AND,Tec1@1_[(T273)]-{P}
1021,<Tec1_re147>,2AND,Tec1@1_[(T273)]-{P}
1022,<Tec1_re147>,2AND,Tec1@1_[(rs2)]-{Ub}
1023,<Tec1_re184>,2AND,Tec1@1_[(T273)]-{0}
1024,<Tec1_re184>,2AND,Tec1@1_[(rs2)]-{0}
1025,<Tec1_re184>,AND,Tec1@1
1026,<Tpk1_re238>,AND,Tpk1@1
1027,<Tpk2PplusSfl1(rs1)>,AND,<Cyc8Tup1Sfl1_re134>#Cyc8@1=Cyc8@1#Tup1@2=Tup1@2#Sfl1@3=Sfl1@2
1028,<Tpk2PplusSfl1_re134>,AND,<Cyc8Tup1Sfl1_re134>#Cyc8@1=Cyc8@1#Tup1@2=Tup1@2#Sfl1@3=Sfl1@2
1029,<Tpk2_re237>,AND,Tpk2@1
1030,<Tpk3_re239>,AND,Tpk3@1
1031,<Ubc1UbplusSte2(K337)>,AND,<AlphaFactorSte2Sst2_re162_0>#MfAlpha12@1=MfAlpha12@1#Ste2@2=Ste2@2#Sst2@4=Sst2@2
1032,<Ubc1UbplusSte2_re162_0>,AND,<AlphaFactorSte2Sst2_re162_0>#MfAlpha12@1=MfAlpha12@1#Ste2@2=Ste2@2#Sst2@4=Sst2@2
1033,<Ubc4UbplusSte2(K337)>,AND,<AlphaFactorSte2Sst2_re162_2>#MfAlpha12@1=MfAlpha12@1#Ste2@2=Ste2@2#Sst2@4=Sst2@2
1034,<Ubc4UbplusSte2_re162_2>,AND,<AlphaFactorSte2Sst2_re162_2>#MfAlpha12@1=MfAlpha12@1#Ste2@2=Ste2@2#Sst2@4=Sst2@2
1035,<Ubc4UbplusSte3(rs3)>,AND,<AFactorSte3Asg7_re155_0>#Mfa12@1=Mfa12@1#Ste3@2=Ste3@2#Asg7@3=Asg7@2
1036,<Ubc4UbplusSte3_re155_0>,AND,<AFactorSte3Asg7_re155_0>#Mfa12@1=Mfa12@1#Ste3@2=Ste3@2#Asg7@3=Asg7@2
1037,<Ubc5UbplusSte2(K337)>,AND,<AlphaFactorSte2Sst2_re162_1>#MfAlpha12@1=MfAlpha12@1#Ste2@2=Ste2@2#Sst2@4=Sst2@2
1038,<Ubc5UbplusSte2_re162_1>,AND,<AlphaFactorSte2Sst2_re162_1>#MfAlpha12@1=MfAlpha12@1#Ste2@2=Ste2@2#Sst2@4=Sst2@2
1039,<Ubc5UbplusSte3(rs3)>,AND,<AFactorSte3Asg7_re155_1>#Mfa12@1=Mfa12@1#Ste3@2=Ste3@2#Asg7@3=Asg7@2
1040,<Ubc5UbplusSte3_re155_1>,AND,<AFactorSte3Asg7_re155_1>#Mfa12@1=Mfa12@1#Ste3@2=Ste3@2#Asg7@3=Asg7@2
1041,<Yck1PplusSte2(S331)>,AND,<Yck1PplusSte2_re161_0>
1042,<Yck1PplusSte2(S338)>,AND,<Yck1PplusSte2_re161_0>
1043,<Yck1PplusSte2(S339)>,AND,<Yck1PplusSte2_re161_0>
1044,<Yck1PplusSte2_re161_0>,AND,<AlphaFactorSte2Sst2_re161_0>#MfAlpha12@1=MfAlpha12@1#Ste2@2=Ste2@2#Sst2@4=Sst2@2
1045,<Yck1PplusSte3(rs2)>,AND,<AFactorSte3Asg7_re154_0>#Mfa12@1=Mfa12@1#Ste3@2=Ste3@2#Asg7@3=Asg7@2
1046,<Yck1PplusSte3_re154_0>,AND,<AFactorSte3Asg7_re154_0>#Mfa12@1=Mfa12@1#Ste3@2=Ste3@2#Asg7@3=Asg7@2
1047,<Yck2PplusSte2(S331)>,AND,<Yck2PplusSte2_re161_1>
1048,<Yck2PplusSte2(S338)>,AND,<Yck2PplusSte2_re161_1>
1049,<Yck2PplusSte2(S339)>,AND,<Yck2PplusSte2_re161_1>
1050,<Yck2PplusSte2_re161_1>,AND,<AlphaFactorSte2Sst2_re161_1>#MfAlpha12@1=MfAlpha12@1#Ste2@2=Ste2@2#Sst2@4=Sst2@2
1051,<Yck2PplusSte3(rs2)>,AND,<AFactorSte3Asg7_re154_1>#Mfa12@1=Mfa12@1#Ste3@2=Ste3@2#Asg7@3=Asg7@2
1052,<Yck2PplusSte3_re154_1>,AND,<AFactorSte3Asg7_re154_1>#Mfa12@1=Mfa12@1#Ste3@2=Ste3@2#Asg7@3=Asg7@2
1053,Asg7_ppi+_Ste3,!,<Asg7ppiplusSte3_re204>#Asg7@1=Asg7@1#Mfa12@1=Mfa12@1#Ste3@2=Ste3@2
1054,Asg7_ppi-_Ste3,!,<Asg7ppiminusSte3_re156>#Mfa12@1=Mfa12@1#Ste3@2=Ste3@2#Asg7@3=Asg7@2
1055,Bcy1_ppi+_Tpk1,!,<Bcy1ppiplusTpk1>
1056,Bcy1_ppi+_Tpk2,!,<Bcy1ppiplusTpk2_re237>#Bcy1@1=Bcy1@1#Tpk2@1=Tpk2@2
1057,Bcy1_ppi+_Tpk3,!,<Bcy1ppiplusTpk3_re239>#Bcy1@1=Bcy1@1#Tpk3@1=Tpk3@2
1058,Bcy1_ppi-_Tpk1,!,<Bcy1ppiminusTpk1>
1059,Bcy1_ppi-_Tpk2,!,<Bcy1ppiminusTpk2_re233>#Bcy1@1=Bcy1@1#Tpk2@2=Tpk2@2
1060,Bcy1_ppi-_Tpk3,!,<Bcy1ppiminusTpk3_re236>#Bcy1@1=Bcy1@1#Tpk3@2=Tpk3@2
1061,Bem1_ppi+_Cdc24,!,<Bem1ppiplusCdc24_re209>#Bem1@1=Bem1@1#Cdc42@2=Cdc42@1#GDP@3=GDP@2#Cdc24@4=Cdc24@1#Far1@5=Far1@2#Ste18@6=Ste18@1#Ste4@7=Ste4@2
1062,Bem1_ppi+_Cdc42,!,<Bem1ppiplusCdc42>
1063,Bem1_ppi-_Cdc42,!,<Bem1ppiminusCdc42>
1064,Cdc24_ppi+_Far1,!,<Cdc24ppiplusFar1_re68>#Far1@1=Far1@1#Cdc24@1=Cdc24@2
1065,Cdc24_ppi+_Rsr1,!,<Cdc24ppiplusRsr1_re99>#Cdc24@1=Cdc24@1#GTP@1=GTP@1#Rsr1@2=Rsr1@2
1066,Cdc24_ppi-_Rsr1,!,<Cdc24ppiminusRsr1>
1067,Cdc28_P+_Far1_[(S87)],!,<Cdc28PplusFar1(S87)>
1068,Cdc28_ppi+_Cln1,!,<Cdc28ppiplusCln1_re210>#Cdc28@1=Cdc28@1#Cln1@1=Cln1@2
1069,Cdc28_ppi+_Cln2,!,<Cdc28ppiplusCln2_re178>#Cdc28@1=Cdc28@1#Cln2@1=Cln2@2
1070,Cdc28_ppi+_Far1,!,<Cdc28ppiplusFar1>
1071,Cdc28_ppi-_Cln1,!,<Cdc28ppiminusCln1_re272>#Cdc28@1=Cdc28@1#Cln1@2=Cln1@2
1072,Cdc28_ppi-_Cln2,!,<Cdc28ppiminusCln2_re273>#Cdc28@1=Cdc28@1#Cln2@2=Cln2@2
1073,Cdc28_ppi-_Far1,!,<Cdc28ppiminusFar1>
1074,Cdc34_Ub+_Far1_[(rs5)],!,<Cdc34UbplusFar1(rs5)>
1075,Cdc34_Ub+_Ste7_[(rs3)],!,<Cdc34UbplusSte7_re179>
1076,Cdc34_Ub+_Tec1_[(rs2)],!,<Cdc34UbplusTec1(rs2)>
1077,Cdc42_i+_GDP,!,<Cdc42iplusGDP>
1078,Cdc42_i+_GTP,!,<Cdc42iplusGTP>
1079,Cdc42_ppi+_Rsr1,!,<Cdc42ppiplusRsr1_re220>#Bem1@1=Bem1@1#Cdc42@2=Cdc42@1#GDP@3=GDP@2#Cdc24@1=Cdc24@1#GTP@2=GTP@1#Rsr1@3=Rsr1@2
1080,Cdc42_ppi+_Ste20,!,<Cdc42ppiplusSte20_re80>#Bem1@1=Bem1@1#Cdc42@2=Cdc42@1#GDP@3=GDP@2#Cdc24@4=Cdc24@1#Far1@5=Far1@2#Ste18@6=Ste18@1#Ste4@7=Ste4@2#Ste20@1=Ste20@2
1081,Cdc42_ppi-_Rsr1,!,<Cdc42ppiminusRsr1_re271>#Bem1@1=Bem1@1#Cdc24@2=Cdc24@1#GTP@3=GTP@1#Rsr1@4=Rsr1@2#Cdc42@5=Cdc42@1#GTP@6=GTP@2
1082,Cdc4_ppi+_Skp1,!,<Cdc4ppiplusSkp1_re71>#Cdc34@1=Cdc34@1#Cdc53@2=Cdc53@2#Hrt1@3=Hrt1@3#Skp1@4=Skp1@4#Cdc4@1=Cdc4@2
1083,Cla4_P+_Cdc24_[(rs1)],!,<Cla4PplusCdc24_re221>
1084,Cyc8_ppi+_Sfl1,!,<Cyc8ppiplusSfl1_re133>#Sfl1@1=Sfl1@1#Cyc8@1=Cyc8@1#Tup1@2=Tup1@2
1085,Cyc8_ppi-_Sfl1,!,<Cyc8ppiminusSfl1_re135>#Cyc8@1=Cyc8@1#Tup1@2=Tup1@2#Sfl1@3=Sfl1@2
1086,Dia2_ppi+_Skp1,!,<Dia2ppiplusSkp1_re183>#Cdc34@1=Cdc34@1#Cdc53@2=Cdc53@2#Hrt1@3=Hrt1@3#Skp1@4=Skp1@4#Dia2@1=Dia2@2
1087,Dig1_ppi+_Ste12,!,<Dig1ppiplusSte12>
1088,Dig1_ppi-_Ste12,!,<Dig1ppiminusSte12>
1089,Dig2_ppi+_Ste12,!,<Dig2ppiplusSte12_re41>#Ste12@1=Ste12@1#Dig1@1=Dig1@2#Dig2@1=Dig2@3
1090,Dig2_ppi-_Ste12,!,<Dig2ppiminusSte12_re44>#Dig1@1=Dig1@1#Dig2@2=Dig2@2#Ste12@3=Ste12@3
1091,Far1_ppi+_Ste4,!,<Far1ppiplusSte4_re78>#Ste18@1=Ste18@1#Ste4@2=Ste4@2#Cdc24@1=Cdc24@1#Far1@2=Far1@2
1092,Flo8_TRSC_Flo11Gene,x,[Cyc8Tup1Sfl1Sfl1]
1093,Fus3_P+_Dig1_[(rs1)],!,<Fus3PplusDig1_re111_0>
1094,Fus3_P+_Dig2_[(rs1)],!,<Fus3PplusDig2_re111_0>
1095,Fus3_P+_Sst2_[(S539)],!,<Fus3PplusSst2_re168>
1096,Fus3_P+_Ste12_[(rs1)],!,<Fus3PplusSte12_re111_0>
1097,Fus3_P+_Ste3_[(rs1)],!,<Fus3PplusSte3_re148>
1098,Fus3_P+_Ste4_[(S335)],!,<Fus3PplusSte4_re77>
1099,Fus3_P+_Ste4_[(T320)],!,<Fus3PplusSte4_re77>
1100,Fus3_P+_Ste4_[(T322)],!,<Fus3PplusSte4_re77>
1101,Fus3_P+_Tec1_[(T273)],!,<Fus3PplusTec1_re145>
1102,Fus3_ppi+_Ste5,!,<Fus3ppiplusSte5_re30>#Ste5@1=Ste5@1#Ste11@1=Ste11@1#Ste50@3=Ste50@2#Ste7@1=Ste7@3#Fus3@1=Fus3@4
1103,Fus3_ppi-_Ste5,!,<Fus3ppiminusSte5_re91>#Fus3@1=Fus3@1#Ste5@2=Ste5@2#Ste11@4=Ste11@1#Ste50@6=Ste50@3#Ste7@7=Ste7@4
1104,GDP_i-_Cdc42,!,<GDPiminusCdc42>
1105,GDP_i-_Gpa1,!,<GDPiminusGpa1>
1106,GDP_i-_Rsr1,!,<GDPiminusRsr1>
1107,GTP_i-_Cdc42,!,<GTPiminusCdc42>
1108,GTP_i-_Gpa1,!,<GTPiminusGpa1_re13>#GTP@1=GTP@1#Gpa1@2=Gpa1@2
1109,GTP_i-_Rsr1,!,<GTPiminusRsr1>
1110,Gpa1_i+_GDP,!,<Gpa1iplusGDP>
1111,Gpa1_i+_GTP,!,<Gpa1iplusGTP>
1112,Gpa1_ppi+_Ste4,!,<Gpa1ppiplusSte4_re14>#GDP@1=GDP@1#Gpa1@2=Gpa1@2#Ste18@1=Ste18@1#Ste4@2=Ste4@2
1113,Gpa1_ppi-_Ste4,!,<Gpa1ppiminusSte4_re12>#GTP@1=GTP@1#Gpa1@2=Gpa1@2#Ste18@3=Ste18@1#Ste4@4=Ste4@2
1114,Kss1_P+_Dig1_[(rs1)],!,<Kss1PplusDig1(rs1)>
1115,Kss1_P+_Dig2_[(rs1)],!,<Kss1PplusDig2_re111_1>
1116,Kss1_P+_Ste12_[(rs1)],!,<Kss1PplusSte12(rs1)>
1117,Kss1_ppi+_Ste5,!,<Kss1ppiplusSte5_re92>#Ste5@1=Ste5@1#Ste11@1=Ste11@1#Ste50@3=Ste50@2#Ste7@1=Ste7@3#Kss1@1=Kss1@4
1118,Kss1_ppi-_Ste5,!,<Kss1ppiminusSte5_re97>#Kss1@1=Kss1@1#Ste5@2=Ste5@2#Ste11@4=Ste11@1#Ste50@6=Ste50@3#Ste7@7=Ste7@4
1119,Matalpha1_ppi+_Mcm1,!,<Matalpha1ppiplusMcm1_re227>#Mcm1@1=Mcm1@1#Matalpha1@1=Matalpha1@2
1120,Matalpha2_ppi+_Mcm1,!,<Matalpha2ppiplusMcm1_re228>#Mcm1@1=Mcm1@1#Matalpha2@1=Matalpha2@2
1121,Mcm1_TRSC_Bar1Gene,x,[Matalpha2Mcm1]
1122,Mcm1_TRSC_Mfa1Gene,x,[Matalpha2Mcm1]
1123,Mcm1_TRSC_Ste2Gene,x,[Matalpha2Mcm1]
1124,Mcm1_TRSC_Ste6Gene,x,[Matalpha2Mcm1]
1125,Mcm1_ppi+_Ste12,!,<Mcm1ppiplusSte12_re125>#Mcm1@1=Mcm1@1#Ste12@1=Ste12@2
1126,MfAlpha12_ppi+_Ste2,!,<MfAlpha12ppiplusSte2_re10>#MfAlpha12@1=MfAlpha12@1#Ste2@1=Ste2@2
1127,MfAlpha12_ppi-_Ste2,!,<MfAlpha12ppiminusSte2_re163>#MfAlpha12@1=MfAlpha12@1#Ste2@2=Ste2@2#Sst2@4=Sst2@2
1128,Mfa12_ppi+_Ste3,!,<Mfa12ppiplusSte3_re11>#Mfa12@1=Mfa12@1#Ste3@1=Ste3@2
1129,Mfa12_ppi-_Ste3,!,<Mfa12ppiminusSte3_re156>#Mfa12@1=Mfa12@1#Ste3@2=Ste3@2#Asg7@3=Asg7@2
1130,Mpt5_ppi+_Sst2,!,<Mpt5ppiplusSst2_re48>#Mpt5@1=Mpt5@1#Sst2@1=Sst2@2
1131,Mpt5_ppi-_Sst2,!,<Mpt5ppiminusSst2_re270>#Mpt5@1=Mpt5@1#Sst2@2=Sst2@2
1132,Msg5_P-_Fus3_[(T180)],!,<Msg5PminusFus3(T180)>
1133,Msg5_P-_Fus3_[(Y182)],!,<Msg5PminusFus3(Y182)>
1134,Ptp2_P-_Fus3_[(T180)],!,<Ptp2PminusFus3_re177_0>
1135,Ptp2_P-_Fus3_[(Y182)],!,<Ptp2PminusFus3_re177_0>
1136,Ptp3_P-_Fus3_[(T180)],!,<Ptp3PminusFus3_re104_0>
1137,Ptp3_P-_Fus3_[(Y182)],!,<Ptp3PminusFus3_re104_0>
1138,Ptp3_P-_Kss1_[(T183)],!,<Ptp3PminusKss1_re217>
1139,Ptp3_P-_Kss1_[(Y185)],!,<Ptp3PminusKss1_re217>
1140,Rsr1_i+_GDP,!,<Rsr1iplusGDP>
1141,Rsr1_i+_GTP,!,<Rsr1iplusGTP_re218>#GDP@1=GDP@1#Rsr1@2=Rsr1@2#GTP@1=GTP@2
1142,Sfl1_ppi+_Sfl1,!,<Sfl1ppiplusSfl1_re133>#Sfl1@1=Sfl1@1#Cyc8@1=Cyc8@1#Tup1@2=Tup1@2
1143,Sfl1_ppi-_Sfl1,!,<Sfl1ppiminusSfl1_re135>#Cyc8@1=Cyc8@1#Tup1@2=Tup1@2#Sfl1@3=Sfl1@2
1144,Sst2_ppi+_Ste2,!,<Sst2ppiplusSte2_re160>#MfAlpha12@1=MfAlpha12@1#Ste2@2=Ste2@2#Sst2@1=Sst2@2
1145,Sst2_ppi-_Ste2,!,<Sst2ppiminusSte2_re163>#MfAlpha12@1=MfAlpha12@1#Ste2@2=Ste2@2#Sst2@4=Sst2@2
1146,Ste11_P+_Ste7_[(S359)],!,<Ste11PplusSte7(S359)>
1147,Ste11_P+_Ste7_[(S363)],!,<Ste11PplusSte7(S363)>
1148,Ste11_ppi+_Ste11,!,<Ste11ppiplusSte11_re87>#Ste11@1=Ste11@1#Ste50@1=Ste50@2
1149,Ste11_ppi+_Ste5,!,<Ste11ppiplusSte5>
1150,Ste11_ppi+_Ste50,!,<Ste11ppiplusSte50_re87>#Ste11@1=Ste11@1#Ste50@1=Ste50@2
1151,Ste11_ppi-_Ste5,!,<Ste11ppiminusSte5>
1152,Ste12_ppi+_Ste12,!,<Ste12ppiplusSte12_re41>#Ste12@1=Ste12@1#Dig1@1=Dig1@2#Dig2@1=Dig2@3
1153,Ste12_ppi+_Tec1,!,<Ste12ppiplusTec1>
1154,Ste12_ppi-_Ste12,!,<Ste12ppiminusSte12_re44>#Dig1@1=Dig1@1#Dig2@2=Dig2@2#Ste12@3=Ste12@3
1155,Ste12_ppi-_Tec1,!,<Ste12ppiminusTec1>
1156,Ste18_ppi+_Ste4,!,<Ste18ppiplusSte4>
1157,Ste18_ppi-_Ste4,!,<Ste18ppiminusSte4>
1158,Ste20_P+_Ste11_[(S281)],!,<Ste20PplusSte11(S281)>
1159,Ste20_P+_Ste11_[(S285)],!,<Ste20PplusSte11(S285)>
1160,Ste20_P+_Ste11_[(T286)],!,<Ste20PplusSte11(T286)>
1161,Ste20_P+_Ste20_[(rs1)],!,<Ste20PplusSte20_re81_0>
1162,Ste2_ppi+_Ste2,!,<Ste2ppiplusSte2_re10>#MfAlpha12@1=MfAlpha12@1#Ste2@1=Ste2@2
1163,Ste2_ppi-_Ste2,!,<Ste2ppiminusSte2_re163>#MfAlpha12@1=MfAlpha12@1#Ste2@2=Ste2@2#Sst2@4=Sst2@2
1164,Ste5_ppi+_Ste5,!,<Ste5ppiplusSte5_re92>#Ste5@1=Ste5@1#Ste11@1=Ste11@1#Ste50@3=Ste50@2#Ste7@1=Ste7@3#Kss1@1=Kss1@4
1165,Ste5_ppi+_Ste7,!,<Ste5ppiplusSte7>
1166,Ste5_ppi-_Ste5,!,<Ste5ppiminusSte5_re97>#Kss1@1=Kss1@1#Ste5@2=Ste5@2#Ste11@4=Ste11@1#Ste50@6=Ste50@3#Ste7@7=Ste7@4
1167,Ste5_ppi-_Ste7,!,<Ste5ppiminusSte7>
1168,Ste7_P+_Fus3_[(T180)],!,<Ste7PplusFus3_re90>
1169,Ste7_P+_Fus3_[(Y182)],!,<Ste7PplusFus3_re90>
1170,Ste7_P+_Kss1_[(T183)],!,<Ste7PplusKss1_re96>
1171,Ste7_P+_Kss1_[(Y185)],!,<Ste7PplusKss1_re96>
1172,Tpk2_P+_Sfl1_[(rs1)],!,<Tpk2PplusSfl1_re134>
1173,Ubc1_Ub+_Ste2_[(K337)],!,<Ubc1UbplusSte2_re162_0>
1174,Ubc4_Ub+_Ste2_[(K337)],!,<Ubc4UbplusSte2_re162_2>
1175,Ubc4_Ub+_Ste3_[(rs3)],!,<Ubc4UbplusSte3_re155_0>
1176,Ubc5_Ub+_Ste2_[(K337)],!,<Ubc5UbplusSte2_re162_1>
1177,Ubc5_Ub+_Ste3_[(rs3)],!,<Ubc5UbplusSte3_re155_1>
1178,Yck1_P+_Ste2_[(S331)],!,<Yck1PplusSte2_re161_0>
1179,Yck1_P+_Ste2_[(S338)],!,<Yck1PplusSte2_re161_0>
1180,Yck1_P+_Ste2_[(S339)],!,<Yck1PplusSte2_re161_0>
1181,Yck1_P+_Ste3_[(rs2)],!,<Yck1PplusSte3_re154_0>
1182,Yck2_P+_Ste2_[(S331)],!,<Yck2PplusSte2_re161_1>
1183,Yck2_P+_Ste2_[(S338)],!,<Yck2PplusSte2_re161_1>
1184,Yck2_P+_Ste2_[(S339)],!,<Yck2PplusSte2_re161_1>
1185,Yck2_P+_Ste3_[(rs2)],!,<Yck2PplusSte3_re154_1>
1186,[Mcm1Ste12Ste12]_TRSC_Bar1Gene,x,[Matalpha2Mcm1]
1187,[Ste12Ste12Tec1]_TRSC_Flo11Gene,x,[Cyc8Tup1Sfl1Sfl1]
